experiment,dataset,domain,condition,method,target_dim,seed,elapsed_seconds,distance_rank_correlation,knn_overlap,cosine_similarity_correlation,estimated_flops,reconstruction_mse,relative_squared_error,downstream_accuracy
image_clean,mnist_clean_reproduction,image,clean,rp,10,24529,0.365187,0.5312993214562075,0.24985714285714283,0.5478815832749193,23520000.0,8.021668434143066,70.65264892578125,0.5316666666666666
image_clean,mnist_clean_reproduction,image,clean,rp,25,24529,0.002373,0.6875662663478916,0.4374285714285714,0.6378383533755342,58800000.0,3.5120551586151123,30.933216094970703,0.7666666666666667
image_clean,mnist_clean_reproduction,image,clean,rp,50,24529,0.002869,0.7902806128925383,0.56,0.76654524359313,117600000.0,1.6286717653274536,14.344892501831055,0.8016666666666666
image_clean,mnist_clean_reproduction,image,clean,rp,100,24529,0.004072,0.8626136935684647,0.6748571428571428,0.8649811418309244,235200000.0,0.7689470052719116,6.772673606872559,0.8433333333333334
image_clean,mnist_clean_reproduction,image,clean,rp,200,24529,0.006861,0.9363990560537667,0.7732857142857142,0.9221384812076827,470400000.0,0.43917346000671387,3.86811900138855,0.885
image_clean,mnist_clean_reproduction,image,clean,rp,400,24529,0.011658,0.9678438200218916,0.8358571428571427,0.963997259280495,940800000.0,0.22713243961334229,2.0005199909210205,0.8866666666666667
image_clean,mnist_clean_reproduction,image,clean,rp,700,24529,0.019357,0.9803916368091249,0.8734285714285716,0.9769716711973825,1646400000.0,0.12105334550142288,1.06620454788208,0.8933333333333333
image_clean,mnist_clean_reproduction,image,clean,srp,10,24529,0.003754,0.44680304264751713,0.25414285714285717,0.46824064925676845,23520000.0,8.16967487335205,71.95625305175781,0.5066666666666667
image_clean,mnist_clean_reproduction,image,clean,srp,25,24529,0.003915,0.6440208223107776,0.40057142857142863,0.5520840667633267,58800000.0,2.8203084468841553,24.84050178527832,0.675
image_clean,mnist_clean_reproduction,image,clean,srp,50,24529,0.004512,0.772880619690627,0.5678571428571428,0.7699733980401029,117600000.0,1.7395249605178833,15.321257591247559,0.825
image_clean,mnist_clean_reproduction,image,clean,srp,100,24529,0.006218,0.8731470440155378,0.6724285714285715,0.8405421745206866,235200000.0,0.923499584197998,8.133930206298828,0.8616666666666667
image_clean,mnist_clean_reproduction,image,clean,srp,200,24529,0.00917,0.934243891262961,0.7494285714285714,0.9116963471664499,470400000.0,0.48226359486579895,4.247645378112793,0.875
image_clean,mnist_clean_reproduction,image,clean,srp,400,24529,0.014586,0.9609374632927867,0.823857142857143,0.9544769380877022,940800000.0,0.24597544968128204,2.1664841175079346,0.8633333333333333
image_clean,mnist_clean_reproduction,image,clean,srp,700,24529,0.02272,0.9774251786433353,0.8641428571428573,0.9763866404678193,1646400000.0,0.12750375270843506,1.1230180263519287,0.9
image_clean,mnist_clean_reproduction,image,clean,pca,10,24529,0.013189,0.8559007375030352,0.5715714285714286,0.6527350724650403,23520000.0,0.0346979945898056,0.30561041831970215,0.8133333333333334
image_clean,mnist_clean_reproduction,image,clean,pca,25,24529,0.016789,0.9443476987931326,0.750142857142857,0.710033833822251,58800000.0,0.020633792504668236,0.1817367672920227,0.9
image_clean,mnist_clean_reproduction,image,clean,pca,50,24529,0.025258,0.9824950650934414,0.8505714285714288,0.7382651054987759,117600000.0,0.011593963019549847,0.10211644321680069,0.875
image_clean,mnist_clean_reproduction,image,clean,pca,100,24529,0.032214,0.9964255835824495,0.9300000000000002,0.744818263142628,235200000.0,0.005516770761460066,0.04859020188450813,0.8933333333333333
image_clean,mnist_clean_reproduction,image,clean,pca,200,24529,0.061413,0.999350754021922,0.9705714285714285,0.7448304013292569,470400000.0,0.0020660602021962404,0.01819729059934616,0.8866666666666667
image_clean,mnist_clean_reproduction,image,clean,pca,400,24529,0.129678,0.9999532575595785,0.9940000000000001,0.7443095877761979,940800000.0,0.0002207252400694415,0.001944087096489966,0.8866666666666667
image_clean,mnist_clean_reproduction,image,clean,pca,700,24529,0.099953,0.9999999958749997,1.0,0.7518002426174653,1646400000.0,3.1524474870814334e-12,2.776589028141707e-11,0.8966666666666666
image_clean,mnist_clean_reproduction,image,clean,dct,10,24529,0.019548,0.6219015207153465,0.2765714285714286,0.5702722698233198,23520000.0,0.06954123079776764,0.612500011920929,0.7216666666666667
image_clean,mnist_clean_reproduction,image,clean,dct,25,24529,0.019822,0.7878462880528929,0.49785714285714283,0.7500028847922348,23520000.0,0.05117781460285187,0.4507600963115692,0.865
image_clean,mnist_clean_reproduction,image,clean,dct,50,24529,0.01973,0.8872895427680962,0.6632857142857143,0.8824798098687329,23520000.0,0.03516525775194168,0.30972591042518616,0.8716666666666667
image_clean,mnist_clean_reproduction,image,clean,dct,100,24529,0.020475,0.9661836824567329,0.7928571428571428,0.9657653704063954,23520000.0,0.01818864606320858,0.1602005958557129,0.92
image_clean,mnist_clean_reproduction,image,clean,dct,200,24529,0.019958,0.9933649921359781,0.899857142857143,0.9942418137732085,23520000.0,0.007442777045071125,0.0655539333820343,0.9216666666666666
image_clean,mnist_clean_reproduction,image,clean,dct,400,24529,0.021842,0.9994183635328544,0.9644285714285714,0.9996776450730426,23520000.0,0.002446881029754877,0.021551454439759254,0.8983333333333333
image_clean,mnist_clean_reproduction,image,clean,dct,700,24529,0.02311,0.9999809486235313,0.9934285714285714,0.9999919837210731,23520000.0,0.00026963066193275154,0.0023748327512294054,0.895
image_clean,mnist_clean_reproduction,image,clean,rp,10,24530,0.002466,0.5350425120076946,0.24928571428571428,0.4910299582185754,23520000.0,13.878064155578613,122.40386199951172,0.5766666666666667
image_clean,mnist_clean_reproduction,image,clean,rp,25,24530,0.002173,0.6711499716316485,0.4334285714285715,0.6602304005433677,58800000.0,2.946139097213745,25.984804153442383,0.7233333333333334
image_clean,mnist_clean_reproduction,image,clean,rp,50,24530,0.002729,0.7757193608381703,0.5721428571428572,0.7812861858132693,117600000.0,1.8896020650863647,16.66619873046875,0.8066666666666666
image_clean,mnist_clean_reproduction,image,clean,rp,100,24530,0.004102,0.8582316257019765,0.691,0.8599296442368628,235200000.0,0.9947698712348938,8.773822784423828,0.8416666666666667
image_clean,mnist_clean_reproduction,image,clean,rp,200,24530,0.006915,0.9402194395474747,0.7831428571428573,0.9282984830440902,470400000.0,0.42599570751190186,3.7572615146636963,0.8683333333333333
image_clean,mnist_clean_reproduction,image,clean,rp,400,24530,0.01188,0.9631469323216832,0.8304285714285715,0.961674581394803,940800000.0,0.23051270842552185,2.0331108570098877,0.8766666666666667
image_clean,mnist_clean_reproduction,image,clean,rp,700,24530,0.019784,0.9806291644998831,0.8760000000000001,0.9768252848679944,1646400000.0,0.12487144023180008,1.1013600826263428,0.885
image_clean,mnist_clean_reproduction,image,clean,srp,10,24530,0.003438,0.5267166342915582,0.24457142857142855,0.45936020893568885,23520000.0,10.29239273071289,90.77841186523438,0.4683333333333333
image_clean,mnist_clean_reproduction,image,clean,srp,25,24530,0.00359,0.5665928521274892,0.44257142857142856,0.6671514638379441,58800000.0,3.792426824569702,33.44902038574219,0.75
image_clean,mnist_clean_reproduction,image,clean,srp,50,24530,0.004576,0.7912197158887322,0.5784285714285714,0.7458109710536603,117600000.0,2.0095245838165283,17.72391128540039,0.8066666666666666
image_clean,mnist_clean_reproduction,image,clean,srp,100,24530,0.006708,0.8705595765930455,0.6802857142857143,0.8739979377246692,235200000.0,0.8395344614982605,7.404653072357178,0.8283333333333334
image_clean,mnist_clean_reproduction,image,clean,srp,200,24530,0.008761,0.9238894357565777,0.7527142857142857,0.9121878006737032,470400000.0,0.4373629093170166,3.8575198650360107,0.865
image_clean,mnist_clean_reproduction,image,clean,srp,400,24530,0.014207,0.9617245392089905,0.8275714285714286,0.9561021210906042,940800000.0,0.22345396876335144,1.970853328704834,0.8866666666666667
image_clean,mnist_clean_reproduction,image,clean,srp,700,24530,0.02259,0.9778325132937639,0.8664285714285714,0.9739888313916929,1646400000.0,0.1351454108953476,1.1919759511947632,0.8816666666666667
image_clean,mnist_clean_reproduction,image,clean,pca,10,24530,0.012196,0.8539883312661893,0.5765714285714286,0.6744743741542077,23520000.0,0.034640632569789886,0.3055287003517151,0.7983333333333333
image_clean,mnist_clean_reproduction,image,clean,pca,25,24530,0.015997,0.9440295853102848,0.7591428571428572,0.7422711943367071,58800000.0,0.020701803267002106,0.18258890509605408,0.8666666666666667
image_clean,mnist_clean_reproduction,image,clean,pca,50,24530,0.024195,0.982346183160084,0.8591428571428573,0.7508695926177712,117600000.0,0.011656112968921661,0.10280635207891464,0.8816666666666667
image_clean,mnist_clean_reproduction,image,clean,pca,100,24530,0.031564,0.9961930456626139,0.9247142857142858,0.7529478075798713,235200000.0,0.005559592507779598,0.04903533682227135,0.9
image_clean,mnist_clean_reproduction,image,clean,pca,200,24530,0.058557,0.999391842020035,0.9721428571428572,0.7628466955549731,470400000.0,0.0020827865228056908,0.01837007701396942,0.8716666666666667
image_clean,mnist_clean_reproduction,image,clean,pca,400,24530,0.123548,0.9999517258719918,0.993,0.7753861491427995,940800000.0,0.00022860229364596307,0.0020162612199783325,0.9016666666666666
image_clean,mnist_clean_reproduction,image,clean,pca,700,24530,0.095152,0.9999999956842638,1.0,0.7514738693149211,1646400000.0,2.4160703819553486e-12,2.1309624204102207e-11,0.8683333333333333
image_clean,mnist_clean_reproduction,image,clean,dct,10,24530,0.019043,0.6282816597721216,0.29742857142857143,0.5676001737526853,23520000.0,0.06966190040111542,0.614414632320404,0.75
image_clean,mnist_clean_reproduction,image,clean,dct,25,24530,0.018997,0.7994446880229312,0.49471428571428566,0.7631319181848413,23520000.0,0.051279909908771515,0.4522863030433655,0.8583333333333333
image_clean,mnist_clean_reproduction,image,clean,dct,50,24530,0.019221,0.9004981663750103,0.6588571428571428,0.8784325997375801,23520000.0,0.035074569284915924,0.30935603380203247,0.875
image_clean,mnist_clean_reproduction,image,clean,dct,100,24530,0.019118,0.9656747622921726,0.7995714285714286,0.9660171660082455,23520000.0,0.018225517123937607,0.1607481837272644,0.88
image_clean,mnist_clean_reproduction,image,clean,dct,200,24530,0.020342,0.9933857504521205,0.8957142857142857,0.9935523042122189,23520000.0,0.007490146439522505,0.06606272608041763,0.875
image_clean,mnist_clean_reproduction,image,clean,dct,400,24530,0.020967,0.9994199653467393,0.9627142857142859,0.9995714054535191,23520000.0,0.0024481588043272495,0.02159264124929905,0.8716666666666667
image_clean,mnist_clean_reproduction,image,clean,dct,700,24530,0.02277,0.9999789296373618,0.9921428571428571,0.9999921585095845,23520000.0,0.0002676219737622887,0.0023604128509759903,0.8816666666666667
image_clean,mnist_clean_reproduction,image,clean,rp,10,24531,0.002653,0.5600283196267699,0.25457142857142856,0.5076585774830449,23520000.0,8.006542205810547,70.48442077636719,0.5216666666666666
image_clean,mnist_clean_reproduction,image,clean,rp,25,24531,0.002249,0.6740709641168314,0.4258571428571429,0.6111031464154238,58800000.0,3.422624111175537,30.13056755065918,0.685
image_clean,mnist_clean_reproduction,image,clean,rp,50,24531,0.002985,0.7878531608658225,0.5752857142857144,0.7720862871955374,117600000.0,1.6796795129776,14.786810874938965,0.8066666666666666
image_clean,mnist_clean_reproduction,image,clean,rp,100,24531,0.003982,0.8636509182906823,0.6725714285714286,0.8740782865040436,235200000.0,1.0103840827941895,8.894767761230469,0.8466666666666667
image_clean,mnist_clean_reproduction,image,clean,rp,200,24531,0.006605,0.9286793590424599,0.7594285714285715,0.9228639872205988,470400000.0,0.4166505038738251,3.667921304702759,0.8483333333333334
image_clean,mnist_clean_reproduction,image,clean,rp,400,24531,0.011976,0.9657925149245321,0.8317142857142857,0.9602194186641273,940800000.0,0.2275925874710083,2.003577709197998,0.8533333333333334
image_clean,mnist_clean_reproduction,image,clean,rp,700,24531,0.018342,0.9772765979547874,0.865,0.9747449354244277,1646400000.0,0.12822918593883514,1.1288466453552246,0.89
image_clean,mnist_clean_reproduction,image,clean,srp,10,24531,0.003528,0.5504485721855678,0.23771428571428568,0.5151939569371945,23520000.0,14.370881080627441,126.51193237304688,0.4533333333333333
image_clean,mnist_clean_reproduction,image,clean,srp,25,24531,0.003651,0.6375345104084068,0.42857142857142855,0.6341827498254807,58800000.0,2.8073742389678955,24.714303970336914,0.7216666666666667
image_clean,mnist_clean_reproduction,image,clean,srp,50,24531,0.004506,0.8026234298356412,0.5448571428571428,0.7651939143387965,117600000.0,1.6899691820144653,14.877394676208496,0.815
image_clean,mnist_clean_reproduction,image,clean,srp,100,24531,0.006126,0.8836388281045535,0.6615714285714286,0.8716625022976806,235200000.0,1.0016493797302246,8.817872047424316,0.8633333333333333
image_clean,mnist_clean_reproduction,image,clean,srp,200,24531,0.009851,0.929785305635227,0.7471428571428571,0.9189377771233171,470400000.0,0.45948129892349243,4.044975757598877,0.87
image_clean,mnist_clean_reproduction,image,clean,srp,400,24531,0.014246,0.960331972038608,0.82,0.948750237919978,940800000.0,0.23141148686408997,2.0371968746185303,0.87
image_clean,mnist_clean_reproduction,image,clean,srp,700,24531,0.022135,0.9723476374346213,0.8645714285714287,0.9671619690838682,1646400000.0,0.13232305645942688,1.1648865938186646,0.8516666666666667
image_clean,mnist_clean_reproduction,image,clean,pca,10,24531,0.011518,0.8571087755748981,0.5774285714285715,0.699053031744274,23520000.0,0.03459101915359497,0.3045169413089752,0.7966666666666666
image_clean,mnist_clean_reproduction,image,clean,pca,25,24531,0.015968,0.9437741306398927,0.7508571428571428,0.739366851055839,58800000.0,0.020636193454265594,0.18166770040988922,0.865
image_clean,mnist_clean_reproduction,image,clean,pca,50,24531,0.024248,0.9824697934668621,0.8538571428571429,0.7465184754114575,117600000.0,0.011559291742742062,0.10176052898168564,0.875
image_clean,mnist_clean_reproduction,image,clean,pca,100,24531,0.033421,0.9963297668130817,0.9197142857142856,0.7584455147030058,235200000.0,0.005515526048839092,0.04855512082576752,0.8616666666666667
image_clean,mnist_clean_reproduction,image,clean,pca,200,24531,0.061226,0.9994130231508138,0.9701428571428572,0.7706779594548042,470400000.0,0.0020568976178765297,0.018107594922184944,0.88
image_clean,mnist_clean_reproduction,image,clean,pca,400,24531,0.131192,0.9999472105962882,0.9934285714285714,0.7415176243940209,940800000.0,0.00021862451103515923,0.0019246286246925592,0.87
image_clean,mnist_clean_reproduction,image,clean,pca,700,24531,0.096063,0.9999999945502467,0.9998571428571428,0.7750220443149025,1646400000.0,2.8831915153959553e-12,2.5381752255526635e-11,0.8816666666666667
image_clean,mnist_clean_reproduction,image,clean,dct,10,24531,0.018968,0.6278998582041522,0.3017142857142857,0.5490545808196153,23520000.0,0.06972811371088028,0.61384117603302,0.73
image_clean,mnist_clean_reproduction,image,clean,dct,25,24531,0.018941,0.7866126475926886,0.4928571428571429,0.7524486536898429,23520000.0,0.05139870196580887,0.45248091220855713,0.8416666666666667
image_clean,mnist_clean_reproduction,image,clean,dct,50,24531,0.019473,0.9002736084846623,0.6527142857142857,0.8849775420630565,23520000.0,0.03511970490217209,0.3091711401939392,0.8966666666666666
image_clean,mnist_clean_reproduction,image,clean,dct,100,24531,0.019722,0.9678236593915865,0.7928571428571428,0.9676933109007847,23520000.0,0.018117593601346016,0.15949557721614838,0.9166666666666666
image_clean,mnist_clean_reproduction,image,clean,dct,200,24531,0.020509,0.9940301539301162,0.8988571428571429,0.9946585588450767,23520000.0,0.0073889573104679585,0.06504759937524796,0.8733333333333333
image_clean,mnist_clean_reproduction,image,clean,dct,400,24531,0.021327,0.9994263604349757,0.9637142857142859,0.9996116661945019,23520000.0,0.002441608812659979,0.021494343876838684,0.89
image_clean,mnist_clean_reproduction,image,clean,dct,700,24531,0.022324,0.9999803603977535,0.9934285714285714,0.9999924867452046,23520000.0,0.0002686706429813057,0.002365202410146594,0.8866666666666667
image_clean,mnist_clean_reproduction,image,clean,rp,10,24532,0.002146,0.5084012046500752,0.24614285714285716,0.4816432135671262,23520000.0,9.173025131225586,81.07454681396484,0.535
image_clean,mnist_clean_reproduction,image,clean,rp,25,24532,0.002021,0.6991647367194476,0.4308571428571429,0.6251996038188831,58800000.0,2.9067530632019043,25.69094467163086,0.685
image_clean,mnist_clean_reproduction,image,clean,rp,50,24532,0.002602,0.8268455404631522,0.5834285714285714,0.7819603810329911,117600000.0,1.8437730073928833,16.29593849182129,0.815
image_clean,mnist_clean_reproduction,image,clean,rp,100,24532,0.003684,0.8829317184848988,0.6892857142857143,0.8678564916776751,235200000.0,0.9800471663475037,8.662014961242676,0.8216666666666667
image_clean,mnist_clean_reproduction,image,clean,rp,200,24532,0.006217,0.9403343925143283,0.7704285714285714,0.9255184743709861,470400000.0,0.43958616256713867,3.885223150253296,0.875
image_clean,mnist_clean_reproduction,image,clean,rp,400,24532,0.01158,0.9653644165585541,0.8317142857142857,0.9614606726730345,940800000.0,0.24509015679359436,2.166196346282959,0.885
image_clean,mnist_clean_reproduction,image,clean,rp,700,24532,0.01811,0.9785877460485684,0.8657142857142859,0.97760322285676,1646400000.0,0.1332188844680786,1.17743718624115,0.87
image_clean,mnist_clean_reproduction,image,clean,srp,10,24532,0.003556,0.4551221467726005,0.24857142857142858,0.493568942168171,23520000.0,8.920780181884766,78.8451156616211,0.5783333333333334
image_clean,mnist_clean_reproduction,image,clean,srp,25,24532,0.003795,0.6334491823405738,0.403,0.6659237468345762,58800000.0,3.3133528232574463,29.284622192382812,0.6883333333333334
image_clean,mnist_clean_reproduction,image,clean,srp,50,24532,0.004483,0.7800820699028137,0.5455714285714285,0.762110773202984,117600000.0,1.8593559265136719,16.433666229248047,0.815
image_clean,mnist_clean_reproduction,image,clean,srp,100,24532,0.00633,0.8551359911922132,0.6679999999999999,0.8583913962793661,235200000.0,0.862084686756134,7.619419574737549,0.835
image_clean,mnist_clean_reproduction,image,clean,srp,200,24532,0.009086,0.9221385936779343,0.7605714285714286,0.9200490162092562,470400000.0,0.4267409145832062,3.7716920375823975,0.8366666666666667
image_clean,mnist_clean_reproduction,image,clean,srp,400,24532,0.015035,0.9586745579171598,0.8271428571428572,0.9581627979035259,940800000.0,0.22480763494968414,1.9869320392608643,0.8866666666666667
image_clean,mnist_clean_reproduction,image,clean,srp,700,24532,0.022654,0.977952522251451,0.8728571428571429,0.9738946722951136,1646400000.0,0.13202017545700073,1.1668424606323242,0.8733333333333333
image_clean,mnist_clean_reproduction,image,clean,pca,10,24532,0.012099,0.8634377381864227,0.5755714285714285,0.6803487541402728,23520000.0,0.03456491231918335,0.30549731850624084,0.8283333333333334
image_clean,mnist_clean_reproduction,image,clean,pca,25,24532,0.017523,0.9450962093051664,0.7511428571428571,0.751515940143685,58800000.0,0.020622478798031807,0.18226899206638336,0.865
image_clean,mnist_clean_reproduction,image,clean,pca,50,24532,0.02592,0.9820171307510704,0.8574285714285715,0.7440986936949054,117600000.0,0.011605356819927692,0.10257238149642944,0.8633333333333333
image_clean,mnist_clean_reproduction,image,clean,pca,100,24532,0.033216,0.9963730496483156,0.9317142857142858,0.7730298319730676,235200000.0,0.005541482474654913,0.04897764325141907,0.8866666666666667
image_clean,mnist_clean_reproduction,image,clean,pca,200,24532,0.069374,0.9993618860851177,0.9700000000000002,0.7567180674182099,470400000.0,0.002068888396024704,0.018285591155290604,0.875
image_clean,mnist_clean_reproduction,image,clean,pca,400,24532,0.12684,0.9999534113991239,0.9939999999999999,0.7619833121360535,940800000.0,0.00022817235731054097,0.002016670536249876,0.8966666666666666
image_clean,mnist_clean_reproduction,image,clean,pca,700,24532,0.090503,0.9999999919374993,0.9998571428571428,0.7673129464207231,1646400000.0,4.30016612595896e-12,3.800643827434058e-11,0.8716666666666667
image_clean,mnist_clean_reproduction,image,clean,dct,10,24532,0.019618,0.6451074444345124,0.2874285714285714,0.559984799061293,23520000.0,0.06971190869808197,0.61613929271698,0.7366666666666667
image_clean,mnist_clean_reproduction,image,clean,dct,25,24532,0.018825,0.7993027438939214,0.5024285714285714,0.7505029958430222,23520000.0,0.05130106583237648,0.45341756939888,0.8533333333333334
image_clean,mnist_clean_reproduction,image,clean,dct,50,24532,0.020134,0.9009589871849365,0.6528571428571428,0.8900403466255442,23520000.0,0.03507067263126373,0.30996739864349365,0.8883333333333333
image_clean,mnist_clean_reproduction,image,clean,dct,100,24532,0.019275,0.9680477770337059,0.7970000000000002,0.9639136726241047,23520000.0,0.018120871856808662,0.16015887260437012,0.8783333333333333
image_clean,mnist_clean_reproduction,image,clean,dct,200,24532,0.020262,0.9938461260313077,0.899857142857143,0.9945048045462017,23520000.0,0.007439494598656893,0.06575296819210052,0.8766666666666667
image_clean,mnist_clean_reproduction,image,clean,dct,400,24532,0.021191,0.9994207795945985,0.9622857142857145,0.9996279665727371,23520000.0,0.0024419857654720545,0.021583162248134613,0.8683333333333333
image_clean,mnist_clean_reproduction,image,clean,dct,700,24532,0.022309,0.9999810231238139,0.9940000000000001,0.999992108057706,23520000.0,0.00026597946998663247,0.002350823488086462,0.88
image_clean,mnist_clean_reproduction,image,clean,rp,10,24533,0.002596,0.535212823582928,0.23,0.367009488557853,23520000.0,10.644403457641602,93.80986022949219,0.505
image_clean,mnist_clean_reproduction,image,clean,rp,25,24533,0.002226,0.7395602534997976,0.44985714285714284,0.7102000678750362,58800000.0,3.2776012420654297,28.885726928710938,0.735
image_clean,mnist_clean_reproduction,image,clean,rp,50,24533,0.002882,0.7808658035896004,0.5698571428571428,0.770467984151172,117600000.0,1.7174768447875977,15.136241912841797,0.83
image_clean,mnist_clean_reproduction,image,clean,rp,100,24533,0.003999,0.8818414999728504,0.6908571428571428,0.8605498222813444,235200000.0,0.9593650102615356,8.454950332641602,0.8566666666666667
image_clean,mnist_clean_reproduction,image,clean,rp,200,24533,0.006829,0.929631170644409,0.7714285714285715,0.9237122653517297,470400000.0,0.47571423649787903,4.192502498626709,0.8583333333333333
image_clean,mnist_clean_reproduction,image,clean,rp,400,24533,0.012048,0.9620221999596948,0.8307142857142857,0.9560277473664492,940800000.0,0.22219887375831604,1.958254098892212,0.8816666666666667
image_clean,mnist_clean_reproduction,image,clean,rp,700,24533,0.019661,0.9774626386539147,0.8791428571428572,0.975330635007721,1646400000.0,0.12501195073127747,1.1017390489578247,0.8716666666666667
image_clean,mnist_clean_reproduction,image,clean,srp,10,24533,0.003708,0.5444383482063614,0.2415714285714286,0.5032994282994516,23520000.0,12.788708686828613,112.70777130126953,0.51
image_clean,mnist_clean_reproduction,image,clean,srp,25,24533,0.004061,0.6429619970806523,0.3838571428571429,0.6105900491991019,58800000.0,3.694537401199341,32.56021499633789,0.7016666666666667
image_clean,mnist_clean_reproduction,image,clean,srp,50,24533,0.005006,0.7973264987707658,0.5682857142857142,0.7478619026090865,117600000.0,1.8146958351135254,15.993040084838867,0.81
image_clean,mnist_clean_reproduction,image,clean,srp,100,24533,0.006645,0.8634261478534995,0.6854285714285714,0.8507848287973435,235200000.0,1.0081543922424316,8.884934425354004,0.8416666666666667
image_clean,mnist_clean_reproduction,image,clean,srp,200,24533,0.009217,0.9364164035005123,0.7515714285714286,0.9241592690649572,470400000.0,0.4287014901638031,3.7781758308410645,0.85
image_clean,mnist_clean_reproduction,image,clean,srp,400,24533,0.015326,0.9624754267606422,0.8234285714285714,0.958123777014839,940800000.0,0.23071430623531342,2.0333011150360107,0.875
image_clean,mnist_clean_reproduction,image,clean,srp,700,24533,0.022962,0.9781937480746091,0.869857142857143,0.9780847879205117,1646400000.0,0.11867395043373108,1.045881748199463,0.8683333333333333
image_clean,mnist_clean_reproduction,image,clean,pca,10,24533,0.011859,0.8444174101887275,0.5698571428571428,0.6655422846261752,23520000.0,0.0346204936504364,0.3051128089427948,0.7633333333333333
image_clean,mnist_clean_reproduction,image,clean,pca,25,24533,0.016823,0.947192131776981,0.7531428571428572,0.7559588236728094,58800000.0,0.020566780120134354,0.1812564581632614,0.88
image_clean,mnist_clean_reproduction,image,clean,pca,50,24533,0.026269,0.9814710727794419,0.8612857142857144,0.7556299834278231,117600000.0,0.01151389442384243,0.10147275030612946,0.8933333333333333
image_clean,mnist_clean_reproduction,image,clean,pca,100,24533,0.034722,0.9965807572862972,0.9282857142857144,0.7641034099244055,235200000.0,0.005478968843817711,0.04828653112053871,0.9016666666666666
image_clean,mnist_clean_reproduction,image,clean,pca,200,24533,0.058891,0.9993759545991876,0.97,0.7592914926303352,470400000.0,0.0020481592509895563,0.01805057004094124,0.8983333333333333
image_clean,mnist_clean_reproduction,image,clean,pca,400,24533,0.12454,0.9999504142000082,0.9937142857142856,0.7693102700716645,940800000.0,0.0002178448485210538,0.001919881789945066,0.8816666666666667
image_clean,mnist_clean_reproduction,image,clean,pca,700,24533,0.090886,0.9999999945584197,1.0,0.7616518256011325,1646400000.0,2.1687877188591997e-12,1.9113677654503114e-11,0.8783333333333333
image_clean,mnist_clean_reproduction,image,clean,dct,10,24533,0.019289,0.6408675623667226,0.2918571428571428,0.536852936486345,23520000.0,0.06974104791879654,0.6146326661109924,0.7383333333333333
image_clean,mnist_clean_reproduction,image,clean,dct,25,24533,0.019139,0.7909027385035355,0.5172857142857143,0.7535448861768526,23520000.0,0.051444161683321,0.4533809721469879,0.875
image_clean,mnist_clean_reproduction,image,clean,dct,50,24533,0.019363,0.9007266241898144,0.6529999999999999,0.883539643160778,23520000.0,0.03516849875450134,0.30994242429733276,0.9083333333333333
image_clean,mnist_clean_reproduction,image,clean,dct,100,24533,0.02014,0.9681976871781728,0.8018571428571429,0.9673263567681316,23520000.0,0.018174614757299423,0.1601741462945938,0.9033333333333333
image_clean,mnist_clean_reproduction,image,clean,dct,200,24533,0.021108,0.9936762081796945,0.9015714285714288,0.9943343582042818,23520000.0,0.007422052789479494,0.06541106849908829,0.8783333333333333
image_clean,mnist_clean_reproduction,image,clean,dct,400,24533,0.021965,0.9994107616448886,0.9584285714285714,0.9996200235898173,23520000.0,0.002451149979606271,0.02160215564072132,0.8933333333333333
image_clean,mnist_clean_reproduction,image,clean,dct,700,24533,0.02227,0.9999788653736791,0.9938571428571429,0.9999926324384146,23520000.0,0.00026784054352901876,0.002360497135668993,0.8883333333333333
image_noisy,mnist_noisy_reproduction,image,noisy,rp,10,24529,0.002559,0.4048217447058113,0.11257142857142859,0.412328167391306,23520000.0,9.788552284240723,80.67208862304688,0.40166666666666667
image_noisy,mnist_noisy_reproduction,image,noisy,rp,25,24529,0.002058,0.5840205702512856,0.261,0.5287142087357782,58800000.0,3.532874345779419,29.1160888671875,0.6216666666666667
image_noisy,mnist_noisy_reproduction,image,noisy,rp,50,24529,0.002738,0.6997051126838739,0.3914285714285714,0.6478796961063424,117600000.0,1.8552380800247192,15.289895057678223,0.7316666666666667
image_noisy,mnist_noisy_reproduction,image,noisy,rp,100,24529,0.003944,0.827817198734401,0.5319999999999999,0.8029602979738496,235200000.0,0.8547948598861694,7.044768810272217,0.7616666666666667
image_noisy,mnist_noisy_reproduction,image,noisy,rp,200,24529,0.006497,0.8904828418810452,0.6448571428571428,0.8789699077830704,470400000.0,0.49631479382514954,4.090364933013916,0.8133333333333334
image_noisy,mnist_noisy_reproduction,image,noisy,rp,400,24529,0.011131,0.9413796173752331,0.7438571428571429,0.9296745330781747,940800000.0,0.23409853875637054,1.929316759109497,0.86
image_noisy,mnist_noisy_reproduction,image,noisy,rp,700,24529,0.01826,0.968645587684746,0.7982857142857143,0.9559039808174999,1646400000.0,0.13577669858932495,1.11899995803833,0.8483333333333334
image_noisy,mnist_noisy_reproduction,image,noisy,srp,10,24529,0.003914,0.41646271898139625,0.11914285714285715,0.35204154210004845,23520000.0,11.863665580749512,97.77408599853516,0.43333333333333335
image_noisy,mnist_noisy_reproduction,image,noisy,srp,25,24529,0.003992,0.5722765287369868,0.238,0.48031805760886687,58800000.0,4.57199764251709,37.67999267578125,0.6166666666666667
image_noisy,mnist_noisy_reproduction,image,noisy,srp,50,24529,0.004562,0.6947565309286302,0.36042857142857143,0.6334159627441859,117600000.0,1.5523099899291992,12.793320655822754,0.7266666666666667
image_noisy,mnist_noisy_reproduction,image,noisy,srp,100,24529,0.006109,0.8066831405981143,0.5302857142857142,0.793524685028946,235200000.0,1.1153448820114136,9.192085266113281,0.7766666666666666
image_noisy,mnist_noisy_reproduction,image,noisy,srp,200,24529,0.009399,0.8839360811178593,0.6260000000000001,0.8611922201961021,470400000.0,0.4675189256668091,3.8530445098876953,0.8166666666666667
image_noisy,mnist_noisy_reproduction,image,noisy,srp,400,24529,0.014653,0.9423399482087467,0.7391428571428571,0.9317417371809151,940800000.0,0.2456357330083847,2.024400234222412,0.8366666666666667
image_noisy,mnist_noisy_reproduction,image,noisy,srp,700,24529,0.022887,0.9652746941737936,0.785142857142857,0.960707511548549,1646400000.0,0.13797007501125336,1.137076735496521,0.8716666666666667
image_noisy,mnist_noisy_reproduction,image,noisy,pca,10,24529,0.01195,0.8391190822138689,0.5488571428571428,0.6521872854268934,23520000.0,0.040783997625112534,0.33612021803855896,0.8066666666666666
image_noisy,mnist_noisy_reproduction,image,noisy,pca,25,24529,0.016776,0.9343242604047711,0.7057142857142857,0.7066312286190588,58800000.0,0.030213436111807823,0.24900321662425995,0.8666666666666667
image_noisy,mnist_noisy_reproduction,image,noisy,pca,50,24529,0.031144,0.9754294022143375,0.8220000000000002,0.7059313909793118,117600000.0,0.022924082353711128,0.18892820179462433,0.885
image_noisy,mnist_noisy_reproduction,image,noisy,pca,100,24529,0.033767,0.9928229098948432,0.8765714285714288,0.7281299424709506,235200000.0,0.0170782171189785,0.14074966311454773,0.8683333333333333
image_noisy,mnist_noisy_reproduction,image,noisy,pca,200,24529,0.059641,0.9974427477151716,0.9101428571428574,0.7355101842762474,470400000.0,0.011560218408703804,0.0952732264995575,0.885
image_noisy,mnist_noisy_reproduction,image,noisy,pca,400,24529,0.123305,0.9994477169192251,0.9567142857142857,0.7074389108187271,940800000.0,0.0052854097448289394,0.04355955868959427,0.8866666666666667
image_noisy,mnist_noisy_reproduction,image,noisy,pca,700,24529,0.092378,0.9999693115499987,0.9887142857142858,0.7329855944781473,1646400000.0,0.0006187236285768449,0.005099194124341011,0.8666666666666667
image_noisy,mnist_noisy_reproduction,image,noisy,dct,10,24529,0.018912,0.6080298318780603,0.2568571428571429,0.4135942210594116,23520000.0,0.06579912453889847,0.5422817468643188,0.6733333333333333
image_noisy,mnist_noisy_reproduction,image,noisy,dct,25,24529,0.018474,0.7719646601447395,0.44857142857142857,0.6660496808067009,23520000.0,0.052452925592660904,0.43228936195373535,0.8233333333333334
image_noisy,mnist_noisy_reproduction,image,noisy,dct,50,24529,0.019617,0.8836550491867011,0.6171428571428571,0.8072918212856921,23520000.0,0.04051245376467705,0.33388230204582214,0.865
image_noisy,mnist_noisy_reproduction,image,noisy,dct,100,24529,0.019881,0.9560820419426276,0.7438571428571429,0.9145019042096426,23520000.0,0.027273431420326233,0.22477324306964874,0.8833333333333333
image_noisy,mnist_noisy_reproduction,image,noisy,dct,200,24529,0.02072,0.9884204168387759,0.8530000000000002,0.9721248059130727,23520000.0,0.01743192784488201,0.14366476237773895,0.8783333333333333
image_noisy,mnist_noisy_reproduction,image,noisy,dct,400,24529,0.021092,0.9972006188525909,0.9167142857142858,0.9947547340147734,23520000.0,0.009699172340333462,0.0799354687333107,0.8616666666666667
image_noisy,mnist_noisy_reproduction,image,noisy,dct,700,24529,0.022447,0.9996594977287185,0.963857142857143,0.9995666799561296,23520000.0,0.0019436641596257687,0.01601865515112877,0.8883333333333333
image_noisy,mnist_noisy_reproduction,image,noisy,nmf,10,24529,0.110907,0.6504282114017632,0.39328571428571424,0.6415463545656033,235200000.0,0.04332505539059639,0.35706228017807007,0.7383333333333333
image_noisy,mnist_noisy_reproduction,image,noisy,nmf,25,24529,0.721193,0.675597448386609,0.39357142857142857,0.5851148172137828,588000000.0,0.033788908272981644,0.27847039699554443,0.67
image_noisy,mnist_noisy_reproduction,image,noisy,nmf,50,24529,2.05602,0.6617137276440171,0.38857142857142857,0.5801355732594833,1176000000.0,0.02591012604534626,0.21353760361671448,0.6533333333333333
image_noisy,mnist_noisy_reproduction,image,noisy,nmf,100,24529,6.242743,0.5164878699664912,0.30128571428571427,0.5853628155130183,2352000000.0,0.01935707777738571,0.15953083336353302,0.5816666666666667
image_noisy,mnist_noisy_reproduction,image,noisy,nmf,200,24529,22.476325,0.4249682119378788,0.18914285714285714,0.42953715106320906,4704000000.0,0.01376711018383503,0.11346126347780228,0.5216666666666666
image_noisy,mnist_noisy_reproduction,image,noisy,nmf,400,24529,92.939934,0.28580877530054843,0.15214285714285714,0.3238154037146594,9408000000.0,0.007150000426918268,0.0589265339076519,0.5683333333333334
image_noisy,mnist_noisy_reproduction,image,noisy,nmf,700,24529,294.331307,0.11506152512884531,0.06757142857142857,0.1197093994296519,16464000000.0,0.001461356645449996,0.012043731287121773,0.5533333333333333
image_noisy,mnist_noisy_reproduction,image,noisy,rp,10,24530,0.002516,0.34543193145710144,0.13299999999999998,0.37927461849006755,23520000.0,9.500677108764648,78.36156463623047,0.39666666666666667
image_noisy,mnist_noisy_reproduction,image,noisy,rp,25,24530,0.00228,0.5502855107678444,0.24714285714285714,0.5136576152643689,58800000.0,2.997603178024292,24.724225997924805,0.6383333333333333
image_noisy,mnist_noisy_reproduction,image,noisy,rp,50,24530,0.002777,0.6715769433854212,0.40414285714285714,0.6859424918735788,117600000.0,1.8981183767318726,15.655677795410156,0.72
image_noisy,mnist_noisy_reproduction,image,noisy,rp,100,24530,0.004296,0.8289446518715408,0.5254285714285715,0.7949161129467474,235200000.0,1.0334906578063965,8.524229049682617,0.7783333333333333
image_noisy,mnist_noisy_reproduction,image,noisy,rp,200,24530,0.006665,0.8695506352219147,0.6444285714285714,0.8771756375294659,470400000.0,0.4504140615463257,3.7150144577026367,0.7833333333333333
image_noisy,mnist_noisy_reproduction,image,noisy,rp,400,24530,0.011812,0.9385673511308831,0.7445714285714287,0.9311243510428635,940800000.0,0.23766615986824036,1.9602701663970947,0.805
image_noisy,mnist_noisy_reproduction,image,noisy,rp,700,24530,0.019645,0.966681304252454,0.7987142857142857,0.9632211090441573,1646400000.0,0.1298123151063919,1.070691704750061,0.8616666666666667
image_noisy,mnist_noisy_reproduction,image,noisy,srp,10,24530,0.003419,0.40125660079364517,0.10914285714285715,0.27140116266377384,23520000.0,8.445682525634766,69.65998077392578,0.3883333333333333
image_noisy,mnist_noisy_reproduction,image,noisy,srp,25,24530,0.003766,0.597945522059095,0.2562857142857143,0.5279164188202952,58800000.0,4.138493061065674,34.13428497314453,0.5983333333333334
image_noisy,mnist_noisy_reproduction,image,noisy,srp,50,24530,0.004645,0.6822072253879516,0.38628571428571423,0.6441571815989943,117600000.0,2.378260850906372,19.61589241027832,0.7566666666666667
image_noisy,mnist_noisy_reproduction,image,noisy,srp,100,24530,0.006454,0.8182731022300348,0.533,0.7884292048461158,235200000.0,1.0569179058074951,8.71745777130127,0.7866666666666666
image_noisy,mnist_noisy_reproduction,image,noisy,srp,200,24530,0.009399,0.8968053830111412,0.6418571428571429,0.879926824202928,470400000.0,0.5246560573577881,4.327362060546875,0.815
image_noisy,mnist_noisy_reproduction,image,noisy,srp,400,24530,0.015231,0.9380450885960874,0.7312857142857142,0.9280016589012066,940800000.0,0.2583675682544708,2.1310153007507324,0.84
image_noisy,mnist_noisy_reproduction,image,noisy,srp,700,24530,0.022861,0.9659325553624526,0.7927142857142858,0.9591165282449812,1646400000.0,0.1382218450307846,1.1400535106658936,0.8516666666666667
image_noisy,mnist_noisy_reproduction,image,noisy,pca,10,24530,0.011256,0.8319282223671408,0.5548571428571428,0.6604330183053477,23520000.0,0.040748611092567444,0.336094468832016,0.7933333333333333
image_noisy,mnist_noisy_reproduction,image,noisy,pca,25,24530,0.016988,0.9383003114460459,0.7198571428571429,0.7058571380607361,58800000.0,0.03025456704199314,0.24953962862491608,0.8383333333333334
image_noisy,mnist_noisy_reproduction,image,noisy,pca,50,24530,0.027685,0.9759425284817137,0.8134285714285716,0.7141684410841816,117600000.0,0.02296469174325466,0.18941272795200348,0.9016666666666666
image_noisy,mnist_noisy_reproduction,image,noisy,pca,100,24530,0.035868,0.9921700555958137,0.8824285714285715,0.7269618116482638,235200000.0,0.017116907984018326,0.14118023216724396,0.8533333333333334
image_noisy,mnist_noisy_reproduction,image,noisy,pca,200,24530,0.0581,0.9972677674668536,0.9192857142857145,0.7353499721629727,470400000.0,0.011575957760214806,0.09547848254442215,0.8433333333333334
image_noisy,mnist_noisy_reproduction,image,noisy,pca,400,24530,0.126489,0.9993996149841146,0.9560000000000001,0.7480258492903035,940800000.0,0.005285778548568487,0.04359709471464157,0.865
image_noisy,mnist_noisy_reproduction,image,noisy,pca,700,24530,0.099,0.9999656404353524,0.990142857142857,0.7348860879773584,1646400000.0,0.0006203055381774902,0.005116279236972332,0.86
image_noisy,mnist_noisy_reproduction,image,noisy,dct,10,24530,0.019434,0.5987495465662315,0.25728571428571434,0.44436901801622086,23520000.0,0.06591196358203888,0.5436417460441589,0.6866666666666666
image_noisy,mnist_noisy_reproduction,image,noisy,dct,25,24530,0.01983,0.771296296122555,0.4710000000000001,0.6642976945605248,23520000.0,0.052515506744384766,0.4331478178501129,0.835
image_noisy,mnist_noisy_reproduction,image,noisy,dct,50,24530,0.019252,0.8819045877027037,0.6035714285714285,0.8081272487744517,23520000.0,0.04043210670351982,0.3334839344024658,0.865
image_noisy,mnist_noisy_reproduction,image,noisy,dct,100,24530,0.018905,0.9544715579459543,0.7589999999999999,0.9197603734023237,23520000.0,0.02730042114853859,0.22517383098602295,0.8783333333333333
image_noisy,mnist_noisy_reproduction,image,noisy,dct,200,24530,0.020867,0.9880188552015708,0.849857142857143,0.9731251206382212,23520000.0,0.017473038285970688,0.1441175937652588,0.88
image_noisy,mnist_noisy_reproduction,image,noisy,dct,400,24530,0.021833,0.9972095794709059,0.9162857142857144,0.9938260183499394,23520000.0,0.009705184027552605,0.0800483375787735,0.8716666666666667
image_noisy,mnist_noisy_reproduction,image,noisy,dct,700,24530,0.023143,0.9996293583776136,0.9651428571428572,0.9996038174753905,23520000.0,0.0019466353114694357,0.016055844724178314,0.8683333333333333
image_noisy,mnist_noisy_reproduction,image,noisy,nmf,10,24530,0.188946,0.49974014389039983,0.375,0.6041079191148723,235200000.0,0.04326056316494942,0.3568130433559418,0.745
image_noisy,mnist_noisy_reproduction,image,noisy,nmf,25,24530,0.746595,0.6276114967343243,0.40371428571428575,0.6125512500815229,588000000.0,0.033833518624305725,0.2790588140487671,0.73
image_noisy,mnist_noisy_reproduction,image,noisy,nmf,50,24530,2.061771,0.6428150181134387,0.3667142857142857,0.5875263774669324,1176000000.0,0.025963202118873596,0.21414445340633392,0.6283333333333333
image_noisy,mnist_noisy_reproduction,image,noisy,nmf,100,24530,6.379753,0.46735102191005484,0.2775714285714286,0.4746744941873126,2352000000.0,0.01940879039466381,0.16008368134498596,0.58
image_noisy,mnist_noisy_reproduction,image,noisy,nmf,200,24530,22.363454,0.40160991777624666,0.20057142857142857,0.47473099051033696,4704000000.0,0.013801421038806438,0.11383410543203354,0.5166666666666667
image_noisy,mnist_noisy_reproduction,image,noisy,nmf,400,24530,92.726373,0.15598315999710285,0.1102857142857143,0.2664970965685857,9408000000.0,0.007193009834736586,0.05932793393731117,0.4483333333333333
image_noisy,mnist_noisy_reproduction,image,noisy,nmf,700,24530,294.741704,0.24348157039108334,0.071,0.15727371877571025,16464000000.0,0.0014038708759471774,0.011579125188291073,0.4766666666666667
image_noisy,mnist_noisy_reproduction,image,noisy,rp,10,24531,0.002562,0.41877048817315543,0.13414285714285715,0.3818750698133709,23520000.0,9.31768798828125,76.63856506347656,0.41833333333333333
image_noisy,mnist_noisy_reproduction,image,noisy,rp,25,24531,0.002138,0.5456503506817175,0.2611428571428572,0.527718244685305,58800000.0,3.4074387550354004,28.026395797729492,0.6233333333333333
image_noisy,mnist_noisy_reproduction,image,noisy,rp,50,24531,0.002848,0.6624293654704323,0.3827142857142857,0.6440296376870216,117600000.0,1.881104588508606,15.47220230102539,0.765
image_noisy,mnist_noisy_reproduction,image,noisy,rp,100,24531,0.004049,0.799709570555589,0.5225714285714286,0.8043294874284599,235200000.0,0.9834725856781006,8.089122772216797,0.7633333333333333
image_noisy,mnist_noisy_reproduction,image,noisy,rp,200,24531,0.006475,0.8870688121630209,0.6328571428571429,0.8614225893441693,470400000.0,0.47585374116897583,3.913926601409912,0.8116666666666666
image_noisy,mnist_noisy_reproduction,image,noisy,rp,400,24531,0.011506,0.9427742935608839,0.7352857142857143,0.9386823832276667,940800000.0,0.2194020003080368,1.8045951128005981,0.8216666666666667
image_noisy,mnist_noisy_reproduction,image,noisy,rp,700,24531,0.019591,0.9630933832558364,0.7962857142857143,0.9569892682867271,1646400000.0,0.13398680090904236,1.1020498275756836,0.8516666666666667
image_noisy,mnist_noisy_reproduction,image,noisy,srp,10,24531,0.00351,0.40438454711226585,0.10157142857142856,0.32595721309578585,23520000.0,10.055017471313477,82.7031478881836,0.38666666666666666
image_noisy,mnist_noisy_reproduction,image,noisy,srp,25,24531,0.00356,0.56793107042502,0.25357142857142856,0.5272254318229093,58800000.0,5.520823001861572,45.409114837646484,0.5716666666666667
image_noisy,mnist_noisy_reproduction,image,noisy,srp,50,24531,0.004375,0.7245787484527694,0.3765714285714286,0.6610913240810146,117600000.0,2.376873254776001,19.549930572509766,0.7033333333333334
image_noisy,mnist_noisy_reproduction,image,noisy,srp,100,24531,0.006173,0.8181008666510775,0.5258571428571428,0.787938195119764,235200000.0,1.0506190061569214,8.641407012939453,0.7833333333333333
image_noisy,mnist_noisy_reproduction,image,noisy,srp,200,24531,0.009118,0.8841853366668331,0.6295714285714286,0.8603478880191964,470400000.0,0.45576903223991394,3.7487285137176514,0.79
image_noisy,mnist_noisy_reproduction,image,noisy,srp,400,24531,0.01517,0.9367158666251884,0.7270000000000001,0.9335670669945164,940800000.0,0.2608034610748291,2.145124673843384,0.8366666666666667
image_noisy,mnist_noisy_reproduction,image,noisy,srp,700,24531,0.023286,0.9627057716066106,0.8001428571428572,0.9588000570893688,1646400000.0,0.14692609012126923,1.208476185798645,0.86
image_noisy,mnist_noisy_reproduction,image,noisy,pca,10,24531,0.011684,0.8347051393963146,0.5534285714285714,0.6514222741201885,23520000.0,0.04075893387198448,0.3352447748184204,0.7933333333333333
image_noisy,mnist_noisy_reproduction,image,noisy,pca,25,24531,0.016215,0.9282826278105295,0.7065714285714286,0.7234127312995187,58800000.0,0.03025766648352146,0.24887119233608246,0.85
image_noisy,mnist_noisy_reproduction,image,noisy,pca,50,24531,0.025159,0.9750975660373322,0.815,0.7319694409779707,117600000.0,0.02292453497648239,0.1885557323694229,0.89
image_noisy,mnist_noisy_reproduction,image,noisy,pca,100,24531,0.032563,0.9923665946392091,0.8841428571428572,0.7489327768888427,235200000.0,0.01708478480577469,0.14052341878414154,0.8833333333333333
image_noisy,mnist_noisy_reproduction,image,noisy,pca,200,24531,0.058306,0.9971432418264929,0.9175714285714287,0.7517881128471382,470400000.0,0.011569583788514137,0.09516054391860962,0.8683333333333333
image_noisy,mnist_noisy_reproduction,image,noisy,pca,400,24531,0.130662,0.999408880900555,0.9562857142857144,0.7522183325988469,940800000.0,0.005294188857078552,0.043545033782720566,0.855
image_noisy,mnist_noisy_reproduction,image,noisy,pca,700,24531,0.090883,0.9999674346229646,0.9905714285714287,0.742049866830847,1646400000.0,0.0006173339788801968,0.00507761025801301,0.86
image_noisy,mnist_noisy_reproduction,image,noisy,dct,10,24531,0.019156,0.6069279577898478,0.2524285714285714,0.4589390963752529,23520000.0,0.0660807192325592,0.5435180068016052,0.6433333333333333
image_noisy,mnist_noisy_reproduction,image,noisy,dct,25,24531,0.018864,0.7720801764348042,0.4592857142857143,0.6702514041440354,23520000.0,0.052717819809913635,0.4336073398590088,0.8233333333333334
image_noisy,mnist_noisy_reproduction,image,noisy,dct,50,24531,0.020109,0.880690293571392,0.619,0.8095922961389159,23520000.0,0.040544021874666214,0.33347710967063904,0.8616666666666667
image_noisy,mnist_noisy_reproduction,image,noisy,dct,100,24531,0.020176,0.9569905379994085,0.7497142857142857,0.9198045645093172,23520000.0,0.027258088812232018,0.22419947385787964,0.8716666666666667
image_noisy,mnist_noisy_reproduction,image,noisy,dct,200,24531,0.02032,0.9890403425643804,0.8541428571428573,0.976171205244976,23520000.0,0.017436297610402107,0.14341463148593903,0.8683333333333333
image_noisy,mnist_noisy_reproduction,image,noisy,dct,400,24531,0.021666,0.9973172593423495,0.9132857142857143,0.9939064498485752,23520000.0,0.009718567132949829,0.07993581891059875,0.885
image_noisy,mnist_noisy_reproduction,image,noisy,dct,700,24531,0.023258,0.9996340978983709,0.966857142857143,0.9995823151754646,23520000.0,0.001942350878380239,0.0159759558737278,0.8716666666666667
image_noisy,mnist_noisy_reproduction,image,noisy,nmf,10,24531,0.222041,0.5821591118139715,0.41814285714285715,0.6199090873313811,235200000.0,0.043221015483140945,0.35549554228782654,0.7183333333333334
image_noisy,mnist_noisy_reproduction,image,noisy,nmf,25,24531,0.726446,0.5904465511075118,0.39371428571428574,0.5440355189433865,588000000.0,0.03381854668259621,0.27815964818000793,0.6566666666666666
image_noisy,mnist_noisy_reproduction,image,noisy,nmf,50,24531,2.055362,0.5872794480036924,0.37514285714285717,0.6239645741096204,1176000000.0,0.02588528022170067,0.2129080444574356,0.64
image_noisy,mnist_noisy_reproduction,image,noisy,nmf,100,24531,6.299752,0.6240263667092362,0.3102857142857143,0.5815630702762828,2352000000.0,0.019359556958079338,0.15923357009887695,0.6116666666666667
image_noisy,mnist_noisy_reproduction,image,noisy,nmf,200,24531,22.468673,0.274924152500545,0.18971428571428572,0.4495639943768147,4704000000.0,0.013786233961582184,0.11339263617992401,0.5483333333333333
image_noisy,mnist_noisy_reproduction,image,noisy,nmf,400,24531,93.30428,0.28600082468090765,0.13657142857142857,0.2815750904473352,9408000000.0,0.007119569927453995,0.058558907359838486,0.48333333333333334
image_noisy,mnist_noisy_reproduction,image,noisy,nmf,700,24531,295.097608,0.3512018907453051,0.09299999999999999,0.2532061148999634,16464000000.0,0.0014047204749658704,0.011553913354873657,0.49
image_noisy,mnist_noisy_reproduction,image,noisy,rp,10,24532,0.002481,0.3996292720628882,0.10200000000000001,0.34755987841481895,23520000.0,9.203286170959473,76.02571868896484,0.3383333333333333
image_noisy,mnist_noisy_reproduction,image,noisy,rp,25,24532,0.002167,0.6127624264226516,0.25985714285714284,0.5630921132240269,58800000.0,4.7846999168396,39.52503967285156,0.6266666666666667
image_noisy,mnist_noisy_reproduction,image,noisy,rp,50,24532,0.002829,0.7267848251740515,0.375,0.6345449790640233,117600000.0,1.8166776895523071,15.00705623626709,0.69
image_noisy,mnist_noisy_reproduction,image,noisy,rp,100,24532,0.004121,0.7998941631808851,0.5255714285714286,0.7813399767175453,235200000.0,1.0822877883911133,8.940470695495605,0.78
image_noisy,mnist_noisy_reproduction,image,noisy,rp,200,24532,0.006428,0.88679807992488,0.6401428571428571,0.8685686389631676,470400000.0,0.5256940722465515,4.34260892868042,0.7966666666666666
image_noisy,mnist_noisy_reproduction,image,noisy,rp,400,24532,0.011789,0.9321211646708576,0.7332857142857142,0.9340419715501995,940800000.0,0.23093871772289276,1.9077188968658447,0.8416666666666667
image_noisy,mnist_noisy_reproduction,image,noisy,rp,700,24532,0.01854,0.9634430501071993,0.8045714285714286,0.9610888707735867,1646400000.0,0.129807710647583,1.0723044872283936,0.8383333333333334
image_noisy,mnist_noisy_reproduction,image,noisy,srp,10,24532,0.003398,0.40922616929306305,0.16071428571428573,0.37543613765707223,23520000.0,11.676774024963379,96.45849609375,0.47
image_noisy,mnist_noisy_reproduction,image,noisy,srp,25,24532,0.003604,0.5511786780396412,0.25842857142857145,0.5302437159451056,58800000.0,5.13184118270874,42.39267349243164,0.6183333333333333
image_noisy,mnist_noisy_reproduction,image,noisy,srp,50,24532,0.004613,0.7370592231196789,0.4032857142857143,0.6895789847596203,117600000.0,2.121339797973633,17.52378273010254,0.7283333333333334
image_noisy,mnist_noisy_reproduction,image,noisy,srp,100,24532,0.00627,0.7806861544894421,0.5082857142857143,0.7786300124859714,235200000.0,1.0016781091690063,8.274577140808105,0.7633333333333333
image_noisy,mnist_noisy_reproduction,image,noisy,srp,200,24532,0.009523,0.8916413797671531,0.6378571428571429,0.8738473869579649,470400000.0,0.5146465301513672,4.25134801864624,0.795
image_noisy,mnist_noisy_reproduction,image,noisy,srp,400,24532,0.015447,0.9378745141512993,0.7341428571428571,0.9202018838170747,940800000.0,0.24252162873744965,2.0034019947052,0.8316666666666667
image_noisy,mnist_noisy_reproduction,image,noisy,srp,700,24532,0.02457,0.9657394696973394,0.793,0.9595180752637019,1646400000.0,0.13744759559631348,1.1354154348373413,0.8466666666666667
image_noisy,mnist_noisy_reproduction,image,noisy,pca,10,24532,0.012745,0.8456507895733314,0.551142857142857,0.6601082621905527,23520000.0,0.0407307893037796,0.33646541833877563,0.8216666666666667
image_noisy,mnist_noisy_reproduction,image,noisy,pca,25,24532,0.016866,0.9334496494308672,0.7282857142857143,0.7172635858391996,58800000.0,0.030229106545448303,0.24971403181552887,0.86
image_noisy,mnist_noisy_reproduction,image,noisy,pca,50,24532,0.025895,0.9746894214173855,0.8127142857142858,0.7402779927283494,117600000.0,0.022978615015745163,0.18981978297233582,0.88
image_noisy,mnist_noisy_reproduction,image,noisy,pca,100,24532,0.034344,0.9924147399009211,0.882857142857143,0.7458083471245306,235200000.0,0.01713116653263569,0.14151568710803986,0.8733333333333333
image_noisy,mnist_noisy_reproduction,image,noisy,pca,200,24532,0.061362,0.9973348479164167,0.9234285714285716,0.7555370685127012,470400000.0,0.011592227034270763,0.09576007723808289,0.8616666666666667
image_noisy,mnist_noisy_reproduction,image,noisy,pca,400,24532,0.128958,0.9993674094239826,0.9575714285714285,0.745440348342479,940800000.0,0.00530438544228673,0.04381801187992096,0.8616666666666667
image_noisy,mnist_noisy_reproduction,image,noisy,pca,700,24532,0.094277,0.999965425372839,0.9875714285714285,0.7413566550072122,1646400000.0,0.0006187996477819979,0.005111727397888899,0.845
image_noisy,mnist_noisy_reproduction,image,noisy,dct,10,24532,0.019799,0.6234509868223785,0.25514285714285717,0.43749712761724824,23520000.0,0.06597600877285004,0.5450090169906616,0.6866666666666666
image_noisy,mnist_noisy_reproduction,image,noisy,dct,25,24532,0.018715,0.7887617508327416,0.4558571428571428,0.6918409666148102,23520000.0,0.05258343368768692,0.4343767464160919,0.825
image_noisy,mnist_noisy_reproduction,image,noisy,dct,50,24532,0.019594,0.887400873834984,0.6154285714285713,0.8123164518598615,23520000.0,0.040454164147377014,0.3341803252696991,0.84
image_noisy,mnist_noisy_reproduction,image,noisy,dct,100,24532,0.019773,0.9551474454406499,0.7642857142857142,0.9194529091940238,23520000.0,0.02726411446928978,0.22522108256816864,0.87
image_noisy,mnist_noisy_reproduction,image,noisy,dct,200,24532,0.020704,0.9874302929784473,0.8530000000000002,0.9742342160622368,23520000.0,0.01746302656829357,0.1442570835351944,0.8933333333333333
image_noisy,mnist_noisy_reproduction,image,noisy,dct,400,24532,0.021788,0.9973469793786617,0.9155714285714287,0.9939549521194623,23520000.0,0.009722890332341194,0.08031802624464035,0.8616666666666667
image_noisy,mnist_noisy_reproduction,image,noisy,dct,700,24532,0.022001,0.999632063968969,0.9654285714285715,0.9995784878572557,23520000.0,0.001952685764990747,0.016130579635500908,0.8716666666666667
image_noisy,mnist_noisy_reproduction,image,noisy,nmf,10,24532,0.292766,0.4196212139644514,0.37485714285714283,0.6207973006515073,235200000.0,0.043305397033691406,0.3577335476875305,0.715
image_noisy,mnist_noisy_reproduction,image,noisy,nmf,25,24532,0.759813,0.6958714170958646,0.4112857142857143,0.6115896926373083,588000000.0,0.03382522612810135,0.27942052483558655,0.72
image_noisy,mnist_noisy_reproduction,image,noisy,nmf,50,24532,2.087506,0.6951469748377566,0.38371428571428573,0.6378324263189251,1176000000.0,0.025942061096429825,0.21429996192455292,0.6466666666666666
image_noisy,mnist_noisy_reproduction,image,noisy,nmf,100,24532,6.2674,0.44963887741492986,0.29542857142857143,0.558695246207987,2352000000.0,0.019417043775320053,0.1603986620903015,0.5783333333333334
image_noisy,mnist_noisy_reproduction,image,noisy,nmf,200,24532,22.51968,0.41979063798401767,0.23028571428571426,0.4764610240793223,4704000000.0,0.013787372037768364,0.1138935461640358,0.5366666666666666
image_noisy,mnist_noisy_reproduction,image,noisy,nmf,400,24532,92.940948,0.21664387276158711,0.11857142857142858,0.3178644138537167,9408000000.0,0.0071279145777225494,0.058881670236587524,0.485
image_noisy,mnist_noisy_reproduction,image,noisy,nmf,700,24532,294.68124,0.21349627983182623,0.07700000000000001,0.28060540187230737,16464000000.0,0.0014674317790195346,0.012122035957872868,0.575
image_noisy,mnist_noisy_reproduction,image,noisy,rp,10,24533,0.002452,0.3664442199652637,0.12514285714285717,0.38733106164582193,23520000.0,8.998397827148438,74.2031478881836,0.395
image_noisy,mnist_noisy_reproduction,image,noisy,rp,25,24533,0.00207,0.5656787525420626,0.259,0.5592690788707328,58800000.0,3.7614307403564453,31.017744064331055,0.6216666666666667
image_noisy,mnist_noisy_reproduction,image,noisy,rp,50,24533,0.002827,0.6893383655991476,0.40242857142857147,0.6396266262433856,117600000.0,1.7663862705230713,14.566084861755371,0.735
image_noisy,mnist_noisy_reproduction,image,noisy,rp,100,24533,0.00401,0.8077167756526691,0.5248571428571429,0.7835560192631906,235200000.0,1.038596510887146,8.564538955688477,0.77
image_noisy,mnist_noisy_reproduction,image,noisy,rp,200,24533,0.006801,0.8941791186290822,0.6514285714285715,0.8844771531795838,470400000.0,0.4808252155780792,3.96501088142395,0.8083333333333333
image_noisy,mnist_noisy_reproduction,image,noisy,rp,400,24533,0.011897,0.9446835468552215,0.7547142857142857,0.9336407290869612,940800000.0,0.21951095759868622,1.8101450204849243,0.8633333333333333
image_noisy,mnist_noisy_reproduction,image,noisy,rp,700,24533,0.018287,0.9663764529715617,0.7894285714285713,0.960190842260072,1646400000.0,0.14267517626285553,1.1765369176864624,0.8366666666666667
image_noisy,mnist_noisy_reproduction,image,noisy,srp,10,24533,0.003539,0.4074290265017433,0.12771428571428572,0.3288017078386806,23520000.0,18.58936309814453,153.2927703857422,0.42833333333333334
image_noisy,mnist_noisy_reproduction,image,noisy,srp,25,24533,0.004035,0.5605850372673209,0.22885714285714284,0.5484353547339728,58800000.0,3.763444662094116,31.034353256225586,0.64
image_noisy,mnist_noisy_reproduction,image,noisy,srp,50,24533,0.004552,0.6842172678612376,0.3955714285714285,0.663870987857894,117600000.0,2.242551326751709,18.49266815185547,0.715
image_noisy,mnist_noisy_reproduction,image,noisy,srp,100,24533,0.006329,0.8088130144883132,0.536,0.7703636417953952,235200000.0,0.982833743095398,8.104704856872559,0.7816666666666666
image_noisy,mnist_noisy_reproduction,image,noisy,srp,200,24533,0.009303,0.8894891346648568,0.6472857142857144,0.8746239598839847,470400000.0,0.45269909501075745,3.7330753803253174,0.8233333333333334
image_noisy,mnist_noisy_reproduction,image,noisy,srp,400,24533,0.014444,0.9403997237749828,0.7278571428571429,0.921837955912513,940800000.0,0.23355838656425476,1.9259836673736572,0.8516666666666667
image_noisy,mnist_noisy_reproduction,image,noisy,srp,700,24533,0.023076,0.9592800445800028,0.794857142857143,0.9550327132647916,1646400000.0,0.14566434919834137,1.2011865377426147,0.8583333333333333
image_noisy,mnist_noisy_reproduction,image,noisy,pca,10,24533,0.012229,0.8407918514771264,0.5458571428571428,0.6480260027714235,23520000.0,0.04073208197951317,0.33588743209838867,0.77
image_noisy,mnist_noisy_reproduction,image,noisy,pca,25,24533,0.016604,0.9325291608517283,0.7258571428571428,0.7094816320627041,58800000.0,0.030160142108798027,0.24870845675468445,0.8666666666666667
image_noisy,mnist_noisy_reproduction,image,noisy,pca,50,24533,0.024877,0.9753060161441258,0.8212857142857144,0.7323902880347768,117600000.0,0.02285698987543583,0.18848474323749542,0.8716666666666667
image_noisy,mnist_noisy_reproduction,image,noisy,pca,100,24533,0.031368,0.992483803792369,0.8817142857142858,0.7360799078819061,235200000.0,0.01701543852686882,0.1403137743473053,0.8733333333333333
image_noisy,mnist_noisy_reproduction,image,noisy,pca,200,24533,0.081184,0.9973663825536175,0.9145714285714286,0.7397540113015613,470400000.0,0.011523513123393059,0.0950259119272232,0.86
image_noisy,mnist_noisy_reproduction,image,noisy,pca,400,24533,0.128449,0.9994109096506817,0.9584285714285715,0.7403600908786573,940800000.0,0.005272779613733292,0.043480727821588516,0.87
image_noisy,mnist_noisy_reproduction,image,noisy,pca,700,24533,0.101213,0.9999673630888963,0.9892857142857143,0.7596750679929127,1646400000.0,0.0006165542872622609,0.005084268748760223,0.8533333333333334
image_noisy,mnist_noisy_reproduction,image,noisy,dct,10,24533,0.019221,0.603503905343994,0.25500000000000006,0.4143890551366024,23520000.0,0.0659637376666069,0.5439543128013611,0.705
image_noisy,mnist_noisy_reproduction,image,noisy,dct,25,24533,0.019595,0.7648201910756839,0.4772857142857143,0.6623994844016902,23520000.0,0.05266721919178963,0.43430769443511963,0.8183333333333334
image_noisy,mnist_noisy_reproduction,image,noisy,dct,50,24533,0.01954,0.8895680820980051,0.6245714285714286,0.8115224053270575,23520000.0,0.04053516685962677,0.3342636227607727,0.86
image_noisy,mnist_noisy_reproduction,image,noisy,dct,100,24533,0.02027,0.9545764410360277,0.7614285714285715,0.9202720884766199,23520000.0,0.02726602740585804,0.22484281659126282,0.905
image_noisy,mnist_noisy_reproduction,image,noisy,dct,200,24533,0.020491,0.987358119494349,0.8671428571428571,0.9735969704315183,23520000.0,0.01740187779068947,0.1435004621744156,0.875
image_noisy,mnist_noisy_reproduction,image,noisy,dct,400,24533,0.02108,0.9972857704553606,0.9241428571428573,0.9942773744578323,23520000.0,0.009693322703242302,0.07993368059396744,0.8966666666666666
image_noisy,mnist_noisy_reproduction,image,noisy,dct,700,24533,0.021997,0.9996402781645215,0.969,0.9995765022185495,23520000.0,0.0019407172221690416,0.01600366272032261,0.8933333333333333
image_noisy,mnist_noisy_reproduction,image,noisy,nmf,10,24533,0.279041,0.6828957704658782,0.4198571428571428,0.6243362529256106,235200000.0,0.04327123612165451,0.35682594776153564,0.72
image_noisy,mnist_noisy_reproduction,image,noisy,nmf,25,24533,0.755244,0.5879705632481602,0.38871428571428573,0.5593256109390623,588000000.0,0.03384246304631233,0.2790738046169281,0.6816666666666666
image_noisy,mnist_noisy_reproduction,image,noisy,nmf,50,24533,2.027677,0.6616087429304894,0.3547142857142857,0.5918550030754727,1176000000.0,0.025832923129200935,0.2130250632762909,0.62
image_noisy,mnist_noisy_reproduction,image,noisy,nmf,100,24533,6.309459,0.5473371717085731,0.2882857142857143,0.5293442251444374,2352000000.0,0.019322285428643227,0.1593366414308548,0.585
image_noisy,mnist_noisy_reproduction,image,noisy,nmf,200,24533,22.438514,0.2645639193598981,0.16771428571428573,0.37566543516848755,4704000000.0,0.013728898949921131,0.11321210861206055,0.5366666666666666
image_noisy,mnist_noisy_reproduction,image,noisy,nmf,400,24533,92.666533,0.24854687647349735,0.12728571428571428,0.3537377592137785,9408000000.0,0.0070783477276563644,0.05836991220712662,0.48333333333333334
image_noisy,mnist_noisy_reproduction,image,noisy,nmf,700,24533,294.624672,0.1309784404986525,0.07042857142857142,0.24168794729049176,16464000000.0,0.0015009577618911862,0.012377291917800903,0.4666666666666667
text_bow,twenty_newsgroups_reproduction,text,text,rp,10,24529,0.009154,0.14002770134142753,0.03628571428571429,0.09961694066600821,112000000.0,0.09204158931970596,477.69500732421875,0.37276785714285715
text_bow,twenty_newsgroups_reproduction,text,text,rp,25,24529,0.01137,0.25785594538503903,0.20442857142857146,0.16230838052968238,280000000.0,0.0385931134223938,200.2978973388672,0.390625
text_bow,twenty_newsgroups_reproduction,text,text,rp,50,24529,0.018023,0.2667798291493834,0.42942857142857144,0.20346107720490617,560000000.0,0.019177040085196495,99.52865600585938,0.46205357142857145
text_bow,twenty_newsgroups_reproduction,text,text,rp,100,24529,0.019901,0.29038619714913727,0.567,0.26180384757104425,1120000000.0,0.009662346914410591,50.14748764038086,0.5290178571428571
text_bow,twenty_newsgroups_reproduction,text,text,rp,200,24529,0.032575,0.32806289472568245,0.5414285714285715,0.33905115964227905,2240000000.0,0.004821562673896551,25.02386474609375,0.6629464285714286
text_bow,twenty_newsgroups_reproduction,text,text,rp,400,24529,0.058353,0.3815133853445865,0.39371428571428574,0.47954627855037957,4480000000.0,0.002403229009360075,12.472736358642578,0.7209821428571429
text_bow,twenty_newsgroups_reproduction,text,text,rp,700,24529,0.089422,0.4229408316227533,0.44571428571428573,0.6318020121946353,7840000000.0,0.0013751359656453133,7.136943340301514,0.7924107142857143
text_bow,twenty_newsgroups_reproduction,text,text,srp,10,24529,0.018069,0.08141248944051922,0.032,0.09097312754422307,112000000.0,0.09471966326236725,491.59417724609375,0.30580357142857145
text_bow,twenty_newsgroups_reproduction,text,text,srp,25,24529,0.019018,0.15048580739613643,0.0872857142857143,0.09110693265060797,280000000.0,0.0400124229490757,207.6641082763672,0.38839285714285715
text_bow,twenty_newsgroups_reproduction,text,text,srp,50,24529,0.022443,0.20849733147899197,0.302,0.2041673049139298,560000000.0,0.020177718251943588,104.72216796875,0.5044642857142857
text_bow,twenty_newsgroups_reproduction,text,text,srp,100,24529,0.026833,0.24303445894094447,0.4491428571428571,0.2768992042341889,1120000000.0,0.009768669493496418,50.699302673339844,0.5223214285714286
text_bow,twenty_newsgroups_reproduction,text,text,srp,200,24529,0.037152,0.28740249306949056,0.4751428571428572,0.35654116767338456,2240000000.0,0.005071683321148157,26.321990966796875,0.640625
text_bow,twenty_newsgroups_reproduction,text,text,srp,400,24529,0.061974,0.31090092971507094,0.4284285714285714,0.4745064537492766,4480000000.0,0.002429804066196084,12.610660552978516,0.7276785714285714
text_bow,twenty_newsgroups_reproduction,text,text,srp,700,24529,0.093437,0.36140083034758175,0.6548571428571428,0.6169786406299756,7840000000.0,0.0013995289336889982,7.263542652130127,0.7901785714285714
text_bow,twenty_newsgroups_reproduction,text,text,pca,10,24529,0.066141,0.06897035089187506,0.04428571428571428,0.33036281222726066,112000000.0,0.00018031970830634236,0.9358576536178589,0.8816964285714286
text_bow,twenty_newsgroups_reproduction,text,text,pca,25,24529,0.081568,0.0676342529790994,0.0652857142857143,0.41702875679153034,280000000.0,0.00017313851276412606,0.8985872864723206,0.8638392857142857
text_bow,twenty_newsgroups_reproduction,text,text,pca,50,24529,0.099413,0.1051376662522866,0.14885714285714285,0.5093043119311812,560000000.0,0.00016352161765098572,0.8486756682395935,0.8816964285714286
text_bow,twenty_newsgroups_reproduction,text,text,pca,100,24529,0.138163,0.16218433344903757,0.26,0.5797032024780817,1120000000.0,0.00014790138811804354,0.7676068544387817,0.8928571428571429
text_bow,twenty_newsgroups_reproduction,text,text,pca,200,24529,0.26855,0.2369566264177044,0.48057142857142854,0.6731087692054167,2240000000.0,0.0001238034019479528,0.6425385475158691,0.9040178571428571
text_bow,twenty_newsgroups_reproduction,text,text,pca,400,24529,0.348493,0.33897169880792155,0.5222857142857142,0.6320337508811233,4480000000.0,9.018668788485229e-05,0.46806806325912476,0.9017857142857143
text_bow,twenty_newsgroups_reproduction,text,text,pca,700,24529,0.65919,0.46711447026423997,0.5162857142857142,0.6568043356327248,7840000000.0,5.533873263630085e-05,0.2872075140476227,0.9151785714285714
text_bow,twenty_newsgroups_reproduction,text,text,dct,10,24529,0.055132,-0.08072806189291196,0.023571428571428573,0.24748405806915683,145600000.0,0.00019100416102446616,0.9913098216056824,0.36160714285714285
text_bow,twenty_newsgroups_reproduction,text,text,dct,25,24529,0.0536,0.02414214978546354,0.06085714285714287,0.30572677955457034,145600000.0,0.0001903191296150908,0.9877545237541199,0.46651785714285715
text_bow,twenty_newsgroups_reproduction,text,text,dct,50,24529,0.054258,0.10045873546617096,0.13314285714285712,0.33379778823150025,145600000.0,0.00018923352763522416,0.9821202754974365,0.5379464285714286
text_bow,twenty_newsgroups_reproduction,text,text,dct,100,24529,0.055271,0.17054012865397442,0.33814285714285713,0.38592048566949794,145600000.0,0.0001871556742116809,0.9713362455368042,0.6138392857142857
text_bow,twenty_newsgroups_reproduction,text,text,dct,200,24529,0.054457,0.17036847556974968,0.5152857142857142,0.4716985135936202,145600000.0,0.00018300632655154914,0.9498011469841003,0.703125
text_bow,twenty_newsgroups_reproduction,text,text,dct,400,24529,0.054773,0.27002145096826935,0.4934285714285714,0.5986384399277728,145600000.0,0.00017482512339483947,0.9073407649993896,0.7700892857142857
text_bow,twenty_newsgroups_reproduction,text,text,dct,700,24529,0.053905,0.29449385759336605,0.4624285714285714,0.6928274778610252,145600000.0,0.00016281729040201753,0.8450202345848083,0.7924107142857143
text_bow,twenty_newsgroups_reproduction,text,text,rp,10,24530,0.014421,0.14761089651731119,0.03899999999999999,0.07198141383104179,112000000.0,0.09566064924001694,496.4778747558594,0.35044642857142855
text_bow,twenty_newsgroups_reproduction,text,text,rp,25,24530,0.017206,0.23154601859662613,0.16814285714285715,0.14866690311379013,280000000.0,0.037979353219270706,197.11248779296875,0.39285714285714285
text_bow,twenty_newsgroups_reproduction,text,text,rp,50,24530,0.018044,0.2768272149306799,0.6081428571428572,0.1560505335112868,560000000.0,0.019159754738211632,99.43894958496094,0.4642857142857143
text_bow,twenty_newsgroups_reproduction,text,text,rp,100,24530,0.023453,0.2908795821391566,0.49214285714285716,0.3414288084787573,1120000000.0,0.009604273363947868,49.84608840942383,0.5691964285714286
text_bow,twenty_newsgroups_reproduction,text,text,rp,200,24530,0.03645,0.34581759728326283,0.45285714285714285,0.3429468452182008,2240000000.0,0.004797765519469976,24.900358200073242,0.6339285714285714
text_bow,twenty_newsgroups_reproduction,text,text,rp,400,24530,0.060374,0.3609786532649014,0.4442857142857143,0.4638417298553097,4480000000.0,0.0024185164365917444,12.552077293395996,0.7008928571428571
text_bow,twenty_newsgroups_reproduction,text,text,rp,700,24530,0.096353,0.4409917099557259,0.517,0.6308047340118498,7840000000.0,0.0013781222514808178,7.15244197845459,0.8035714285714286
text_bow,twenty_newsgroups_reproduction,text,text,srp,10,24530,0.029386,0.08990155561651796,0.038142857142857145,0.10226588245008969,112000000.0,0.09510890394449234,493.6143493652344,0.35267857142857145
text_bow,twenty_newsgroups_reproduction,text,text,srp,25,24530,0.027694,0.15824270593661424,0.08800000000000001,0.12683955463029234,280000000.0,0.040459491312503815,209.98439025878906,0.4107142857142857
text_bow,twenty_newsgroups_reproduction,text,text,srp,50,24530,0.030938,0.1989132236325056,0.3261428571428571,0.19651791880649494,560000000.0,0.019328806549310684,100.31632232666016,0.46875
text_bow,twenty_newsgroups_reproduction,text,text,srp,100,24530,0.035179,0.20729050290336468,0.4838571428571428,0.2533718969826793,1120000000.0,0.009880384430289268,51.27910232543945,0.5446428571428571
text_bow,twenty_newsgroups_reproduction,text,text,srp,200,24530,0.046118,0.2644437972059893,0.5455714285714285,0.39475338739892923,2240000000.0,0.004794385749846697,24.8828182220459,0.6316964285714286
text_bow,twenty_newsgroups_reproduction,text,text,srp,400,24530,0.078338,0.3178302660768539,0.45957142857142863,0.527569806834977,4480000000.0,0.0024787052534520626,12.864458084106445,0.6785714285714286
text_bow,twenty_newsgroups_reproduction,text,text,srp,700,24530,0.099053,0.36285364582211915,0.5630000000000001,0.6325374132700592,7840000000.0,0.00137896032538265,7.1567912101745605,0.7901785714285714
text_bow,twenty_newsgroups_reproduction,text,text,pca,10,24530,0.065904,0.023650770996901303,0.03942857142857143,0.3041036087554566,112000000.0,0.00018029968487098813,0.9357537031173706,0.859375
text_bow,twenty_newsgroups_reproduction,text,text,pca,25,24530,0.080223,0.07045678940792448,0.08828571428571429,0.40474546941586076,280000000.0,0.00017314826254732907,0.8986378908157349,0.8995535714285714
text_bow,twenty_newsgroups_reproduction,text,text,pca,50,24530,0.097932,0.12429552267991625,0.1687142857142857,0.48403985212770106,560000000.0,0.0001635495136724785,0.8488204479217529,0.8571428571428571
text_bow,twenty_newsgroups_reproduction,text,text,pca,100,24530,0.137957,0.15888108594431494,0.194,0.5692202900922715,1120000000.0,0.0001478778722230345,0.7674847841262817,0.8816964285714286
text_bow,twenty_newsgroups_reproduction,text,text,pca,200,24530,0.23758,0.242635003029412,0.47057142857142853,0.6146955545503743,2240000000.0,0.00012380741827655584,0.6425593495368958,0.890625
text_bow,twenty_newsgroups_reproduction,text,text,pca,400,24530,0.329621,0.3581405889766356,0.44728571428571434,0.7164730280261994,4480000000.0,9.021099685924128e-05,0.46819424629211426,0.8928571428571429
text_bow,twenty_newsgroups_reproduction,text,text,pca,700,24530,0.752268,0.4789891296531082,0.5237142857142857,0.5628363615512599,7840000000.0,5.5353470088448375e-05,0.2872839868068695,0.8950892857142857
text_bow,twenty_newsgroups_reproduction,text,text,dct,10,24530,0.052193,-0.09337038755686922,0.022285714285714284,0.25465463109618136,145600000.0,0.00019100416102446616,0.9913098216056824,0.37723214285714285
text_bow,twenty_newsgroups_reproduction,text,text,dct,25,24530,0.0526,0.005321478117858794,0.04171428571428571,0.305794096699356,145600000.0,0.0001903191296150908,0.9877545237541199,0.43526785714285715
text_bow,twenty_newsgroups_reproduction,text,text,dct,50,24530,0.052461,0.09963123140715145,0.12642857142857142,0.3256714385164892,145600000.0,0.00018923352763522416,0.9821202754974365,0.5334821428571429
text_bow,twenty_newsgroups_reproduction,text,text,dct,100,24530,0.052947,0.1562510186927474,0.33214285714285713,0.39052579985300134,145600000.0,0.0001871556742116809,0.9713362455368042,0.6227678571428571
text_bow,twenty_newsgroups_reproduction,text,text,dct,200,24530,0.05363,0.1782450308049749,0.38128571428571423,0.49098673694868056,145600000.0,0.00018300632655154914,0.9498011469841003,0.6986607142857143
text_bow,twenty_newsgroups_reproduction,text,text,dct,400,24530,0.054235,0.20139245110176995,0.6535714285714286,0.550139489210876,145600000.0,0.00017482512339483947,0.9073407649993896,0.7901785714285714
text_bow,twenty_newsgroups_reproduction,text,text,dct,700,24530,0.054621,0.2778355235382133,0.656142857142857,0.6618219740919792,145600000.0,0.00016281729040201753,0.8450202345848083,0.8035714285714286
text_bow,twenty_newsgroups_reproduction,text,text,rp,10,24531,0.014784,0.15692873124554568,0.03785714285714286,0.07588547260354694,112000000.0,0.09777715057134628,507.4625244140625,0.31919642857142855
text_bow,twenty_newsgroups_reproduction,text,text,rp,25,24531,0.016847,0.2261017149610064,0.23814285714285713,0.1446480226022156,280000000.0,0.0382232628762722,198.37838745117188,0.40848214285714285
text_bow,twenty_newsgroups_reproduction,text,text,rp,50,24531,0.018002,0.26541197568026326,0.45357142857142857,0.17935929068848633,560000000.0,0.019173787906765938,99.51177978515625,0.4375
text_bow,twenty_newsgroups_reproduction,text,text,rp,100,24531,0.023445,0.30642474058904623,0.5801428571428572,0.2512024372748567,1120000000.0,0.009729098528623581,50.49393081665039,0.5357142857142857
text_bow,twenty_newsgroups_reproduction,text,text,rp,200,24531,0.036253,0.33493333951296733,0.5365714285714286,0.3574836142467359,2240000000.0,0.00480916490778327,24.95952033996582,0.6473214285714286
text_bow,twenty_newsgroups_reproduction,text,text,rp,400,24531,0.06114,0.35812061707003856,0.5014285714285714,0.4494844562199707,4480000000.0,0.0024255989119410515,12.588836669921875,0.7589285714285714
text_bow,twenty_newsgroups_reproduction,text,text,rp,700,24531,0.09443,0.42568459629278727,0.49299999999999994,0.6403146393349998,7840000000.0,0.001379717024974525,7.1607184410095215,0.7700892857142857
text_bow,twenty_newsgroups_reproduction,text,text,srp,10,24531,0.027402,0.10549550658535745,0.01757142857142857,0.07802359959694886,112000000.0,0.10210093855857849,529.9028930664062,0.3169642857142857
text_bow,twenty_newsgroups_reproduction,text,text,srp,25,24531,0.027074,0.14973617525418817,0.06328571428571429,0.14913869284905937,280000000.0,0.03619534522294998,187.853515625,0.41294642857142855
text_bow,twenty_newsgroups_reproduction,text,text,srp,50,24531,0.029834,0.1930030851749854,0.2777142857142857,0.1525541152541935,560000000.0,0.019912129268050194,103.34376525878906,0.5066964285714286
text_bow,twenty_newsgroups_reproduction,text,text,srp,100,24531,0.034266,0.2244984339230079,0.40099999999999997,0.26694795427646234,1120000000.0,0.009226148016750813,47.88362503051758,0.5535714285714286
text_bow,twenty_newsgroups_reproduction,text,text,srp,200,24531,0.047293,0.3222322285120488,0.49142857142857144,0.36921115411716043,2240000000.0,0.00487397750839591,25.2958984375,0.6361607142857143
text_bow,twenty_newsgroups_reproduction,text,text,srp,400,24531,0.066295,0.2928487722856177,0.49785714285714283,0.45172284930259865,4480000000.0,0.002422104822471738,12.570701599121094,0.7455357142857143
text_bow,twenty_newsgroups_reproduction,text,text,srp,700,24531,0.096807,0.3331749732705813,0.6242857142857143,0.5899947465087169,7840000000.0,0.0013806945644319057,7.165791988372803,0.8214285714285714
text_bow,twenty_newsgroups_reproduction,text,text,pca,10,24531,0.063871,0.02026041996992495,0.037,0.2839046400151561,112000000.0,0.00018030284263659269,0.9357700943946838,0.8660714285714286
text_bow,twenty_newsgroups_reproduction,text,text,pca,25,24531,0.083059,0.08642169472903043,0.07242857142857144,0.40643597910252155,280000000.0,0.00017315344302915037,0.8986647129058838,0.8816964285714286
text_bow,twenty_newsgroups_reproduction,text,text,pca,50,24531,0.100574,0.10699106173491849,0.0832857142857143,0.47010692161727563,560000000.0,0.00016351933300029486,0.8486638069152832,0.8950892857142857
text_bow,twenty_newsgroups_reproduction,text,text,pca,100,24531,0.140419,0.14856216565717456,0.223,0.5823037462552316,1120000000.0,0.0001478507329011336,0.7673439383506775,0.875
text_bow,twenty_newsgroups_reproduction,text,text,pca,200,24531,0.234666,0.2521596253206284,0.3821428571428571,0.6564698613732459,2240000000.0,0.00012382095155771822,0.6426296234130859,0.8928571428571429
text_bow,twenty_newsgroups_reproduction,text,text,pca,400,24531,0.318779,0.3181297124556277,0.5014285714285714,0.6984705606944439,4480000000.0,9.019444405566901e-05,0.46810829639434814,0.9084821428571429
text_bow,twenty_newsgroups_reproduction,text,text,pca,700,24531,0.63958,0.4996652131040758,0.47928571428571426,0.582360869031806,7840000000.0,5.535572563530877e-05,0.28729569911956787,0.8794642857142857
text_bow,twenty_newsgroups_reproduction,text,text,dct,10,24531,0.053273,-0.10394935389675335,0.024857142857142855,0.24119153303055785,145600000.0,0.00019100416102446616,0.9913098216056824,0.375
text_bow,twenty_newsgroups_reproduction,text,text,dct,25,24531,0.052741,-0.011116580045461592,0.04228571428571429,0.28715411959469417,145600000.0,0.0001903191296150908,0.9877545237541199,0.46651785714285715
text_bow,twenty_newsgroups_reproduction,text,text,dct,50,24531,0.053614,0.10748763065205896,0.14057142857142857,0.35480737145146274,145600000.0,0.00018923352763522416,0.9821202754974365,0.5558035714285714
text_bow,twenty_newsgroups_reproduction,text,text,dct,100,24531,0.053699,0.1609099750550444,0.32471428571428573,0.3824332298870353,145600000.0,0.0001871556742116809,0.9713362455368042,0.6026785714285714
text_bow,twenty_newsgroups_reproduction,text,text,dct,200,24531,0.053869,0.18757470239245658,0.42685714285714277,0.47900982414409266,145600000.0,0.00018300632655154914,0.9498011469841003,0.71875
text_bow,twenty_newsgroups_reproduction,text,text,dct,400,24531,0.054644,0.22700121017946848,0.503,0.564093568664684,145600000.0,0.00017482512339483947,0.9073407649993896,0.7566964285714286
text_bow,twenty_newsgroups_reproduction,text,text,dct,700,24531,0.054659,0.28433309208993096,0.4522857142857143,0.6537500979651532,145600000.0,0.00016281729040201753,0.8450202345848083,0.8147321428571429
text_bow,twenty_newsgroups_reproduction,text,text,rp,10,24532,0.015004,0.21354097603940758,0.03971428571428571,0.09674193769339254,112000000.0,0.09373505413532257,486.48406982421875,0.359375
text_bow,twenty_newsgroups_reproduction,text,text,rp,25,24532,0.016935,0.22651882286759678,0.21900000000000003,0.13459345627455632,280000000.0,0.038586150854825974,200.2617645263672,0.4107142857142857
text_bow,twenty_newsgroups_reproduction,text,text,rp,50,24532,0.018226,0.29952332261404524,0.4992857142857143,0.21376744831370395,560000000.0,0.01955101639032364,101.46958923339844,0.41964285714285715
text_bow,twenty_newsgroups_reproduction,text,text,rp,100,24532,0.023351,0.2925732652522811,0.3927142857142857,0.2541777729620864,1120000000.0,0.009619145654141903,49.923274993896484,0.484375
text_bow,twenty_newsgroups_reproduction,text,text,rp,200,24532,0.035841,0.3374493773703886,0.48114285714285715,0.347460452899441,2240000000.0,0.004811739549040794,24.972883224487305,0.609375
text_bow,twenty_newsgroups_reproduction,text,text,rp,400,24532,0.061501,0.3511504300433146,0.45714285714285713,0.5154450665438268,4480000000.0,0.002406238578259945,12.488356590270996,0.7209821428571429
text_bow,twenty_newsgroups_reproduction,text,text,rp,700,24532,0.096389,0.40141402181696795,0.5967142857142858,0.5595612366244033,7840000000.0,0.0013685384765267372,7.1027021408081055,0.7477678571428571
text_bow,twenty_newsgroups_reproduction,text,text,srp,10,24532,0.027809,0.05613471021262482,0.015285714285714288,0.05700188765690689,112000000.0,0.09082435071468353,471.3775634765625,0.37723214285714285
text_bow,twenty_newsgroups_reproduction,text,text,srp,25,24532,0.027799,0.13132220168707837,0.07457142857142858,0.14262739500073135,280000000.0,0.038582026958465576,200.2403564453125,0.39732142857142855
text_bow,twenty_newsgroups_reproduction,text,text,srp,50,24532,0.030005,0.18744764241330383,0.3092857142857143,0.18468861417272445,560000000.0,0.020193757489323616,104.80541229248047,0.421875
text_bow,twenty_newsgroups_reproduction,text,text,srp,100,24532,0.034867,0.2436751850355324,0.44014285714285717,0.27599577734146324,1120000000.0,0.009103910066187382,47.24920654296875,0.5602678571428571
text_bow,twenty_newsgroups_reproduction,text,text,srp,200,24532,0.046358,0.2910242179312805,0.46285714285714286,0.38548652917527,2240000000.0,0.004992059897631407,25.90874481201172,0.6138392857142857
text_bow,twenty_newsgroups_reproduction,text,text,srp,400,24532,0.067172,0.32362855471246504,0.43885714285714295,0.49271259963163994,4480000000.0,0.002394118346273899,12.42545223236084,0.671875
text_bow,twenty_newsgroups_reproduction,text,text,srp,700,24532,0.097215,0.3165144340737511,0.40285714285714286,0.6238417139828522,7840000000.0,0.0013904678635299206,7.21651554107666,0.7879464285714286
text_bow,twenty_newsgroups_reproduction,text,text,pca,10,24532,0.069097,0.038900681688210585,0.03328571428571429,0.28148133468546893,112000000.0,0.00018031301442533731,0.9358228445053101,0.8638392857142857
text_bow,twenty_newsgroups_reproduction,text,text,pca,25,24532,0.085148,0.11086038303999166,0.059,0.4063873956727084,280000000.0,0.00017313138232566416,0.898550271987915,0.8571428571428571
text_bow,twenty_newsgroups_reproduction,text,text,pca,50,24532,0.098798,0.14142618371133678,0.14685714285714288,0.503741869371104,560000000.0,0.0001635303779039532,0.8487210869789124,0.8883928571428571
text_bow,twenty_newsgroups_reproduction,text,text,pca,100,24532,0.138183,0.15880162830852787,0.31514285714285717,0.6038040338157703,1120000000.0,0.00014788698172196746,0.7675320506095886,0.8861607142857143
text_bow,twenty_newsgroups_reproduction,text,text,pca,200,24532,0.274368,0.2672022103251381,0.4751428571428572,0.6524920923023866,2240000000.0,0.00012380861153360456,0.6425655484199524,0.9129464285714286
text_bow,twenty_newsgroups_reproduction,text,text,pca,400,24532,0.324383,0.346036134909165,0.5897142857142856,0.5993348977909976,4480000000.0,9.019835124490783e-05,0.46812859177589417,0.8861607142857143
text_bow,twenty_newsgroups_reproduction,text,text,pca,700,24532,0.655504,0.4924626857689911,0.545,0.733806298944417,7840000000.0,5.5350756156258285e-05,0.2872699201107025,0.90625
text_bow,twenty_newsgroups_reproduction,text,text,dct,10,24532,0.052953,-0.09925760933995889,0.029285714285714286,0.24446054361387246,145600000.0,0.00019100416102446616,0.9913098216056824,0.40401785714285715
text_bow,twenty_newsgroups_reproduction,text,text,dct,25,24532,0.053074,-0.022185176046387787,0.03328571428571429,0.26288841501262694,145600000.0,0.0001903191296150908,0.9877545237541199,0.49776785714285715
text_bow,twenty_newsgroups_reproduction,text,text,dct,50,24532,0.057532,0.08978279375462835,0.14514285714285713,0.3342744647984083,145600000.0,0.00018923352763522416,0.9821202754974365,0.5758928571428571
text_bow,twenty_newsgroups_reproduction,text,text,dct,100,24532,0.052872,0.18553585709087853,0.3281428571428571,0.38869551380903133,145600000.0,0.0001871556742116809,0.9713362455368042,0.6071428571428571
text_bow,twenty_newsgroups_reproduction,text,text,dct,200,24532,0.052989,0.1766597325294305,0.5225714285714286,0.4800276414132201,145600000.0,0.00018300632655154914,0.9498011469841003,0.7008928571428571
text_bow,twenty_newsgroups_reproduction,text,text,dct,400,24532,0.05331,0.24177665509803534,0.4997142857142857,0.5305529529880962,145600000.0,0.00017482512339483947,0.9073407649993896,0.7633928571428571
text_bow,twenty_newsgroups_reproduction,text,text,dct,700,24532,0.054028,0.2652327237020452,0.4417142857142858,0.6726263815862689,145600000.0,0.00016281729040201753,0.8450202345848083,0.796875
text_bow,twenty_newsgroups_reproduction,text,text,rp,10,24533,0.015247,0.16382439663192438,0.039428571428571424,0.07147309014775124,112000000.0,0.09392564743757248,487.4732360839844,0.34598214285714285
text_bow,twenty_newsgroups_reproduction,text,text,rp,25,24533,0.017432,0.23897614247126295,0.23442857142857143,0.15857981027020498,280000000.0,0.03859758749604225,200.32113647460938,0.44642857142857145
text_bow,twenty_newsgroups_reproduction,text,text,rp,50,24533,0.017275,0.27254156748291625,0.4382857142857142,0.2282365786284209,560000000.0,0.01907702349126339,99.00957489013672,0.45089285714285715
text_bow,twenty_newsgroups_reproduction,text,text,rp,100,24533,0.023832,0.30665728954108057,0.6315714285714286,0.2790988473052047,1120000000.0,0.009701449424028397,50.350433349609375,0.5133928571428571
text_bow,twenty_newsgroups_reproduction,text,text,rp,200,24533,0.036336,0.34080115211257195,0.49371428571428566,0.3593170524139799,2240000000.0,0.004811318591237068,24.9706974029541,0.6674107142857143
text_bow,twenty_newsgroups_reproduction,text,text,rp,400,24533,0.061067,0.38581571113582247,0.521,0.5303874161949855,4480000000.0,0.0024250224232673645,12.585843086242676,0.7477678571428571
text_bow,twenty_newsgroups_reproduction,text,text,rp,700,24533,0.09923,0.43701726420666115,0.46371428571428575,0.5816480522213906,7840000000.0,0.0013768629869446158,7.1459059715271,0.7455357142857143
text_bow,twenty_newsgroups_reproduction,text,text,srp,10,24533,0.027754,0.10962263423900012,0.03328571428571429,0.11783494247261864,112000000.0,0.08374548703432083,434.6383056640625,0.4017857142857143
text_bow,twenty_newsgroups_reproduction,text,text,srp,25,24533,0.026602,0.14083102595539587,0.10914285714285715,0.14236983275118656,280000000.0,0.04027722775936127,209.0384521484375,0.41517857142857145
text_bow,twenty_newsgroups_reproduction,text,text,srp,50,24533,0.029501,0.18113060254976635,0.24285714285714285,0.18363397549096602,560000000.0,0.019005868583917618,98.64027404785156,0.4263392857142857
text_bow,twenty_newsgroups_reproduction,text,text,srp,100,24533,0.034228,0.2837999774740828,0.5104285714285715,0.2560876130679096,1120000000.0,0.009290994144976139,48.22017288208008,0.5267857142857143
text_bow,twenty_newsgroups_reproduction,text,text,srp,200,24533,0.045588,0.2721765554485347,0.4537142857142857,0.35078547387311054,2240000000.0,0.004898845683783293,25.424962997436523,0.6361607142857143
text_bow,twenty_newsgroups_reproduction,text,text,srp,400,24533,0.067196,0.2846659240202833,0.5402857142857143,0.4180636941974679,4480000000.0,0.0024364376440644264,12.645089149475098,0.7455357142857143
text_bow,twenty_newsgroups_reproduction,text,text,srp,700,24533,0.098067,0.35576613119012623,0.5222857142857144,0.6709562120747843,7840000000.0,0.0013870111433789134,7.198575019836426,0.7700892857142857
text_bow,twenty_newsgroups_reproduction,text,text,pca,10,24533,0.065879,0.035672906541725426,0.04342857142857143,0.3181835551123087,112000000.0,0.00018029630882665515,0.9357361197471619,0.8928571428571429
text_bow,twenty_newsgroups_reproduction,text,text,pca,25,24533,0.081873,0.07645404084087754,0.06242857142857143,0.4135462651339384,280000000.0,0.00017316841694992036,0.8987424969673157,0.8705357142857143
text_bow,twenty_newsgroups_reproduction,text,text,pca,50,24533,0.097454,0.10392827865545679,0.09871428571428573,0.4643514888744126,560000000.0,0.00016352582315448672,0.8486975431442261,0.8883928571428571
text_bow,twenty_newsgroups_reproduction,text,text,pca,100,24533,0.136444,0.15616690607601122,0.29542857142857143,0.5839705044860548,1120000000.0,0.00014786836982239038,0.7674354910850525,0.9107142857142857
text_bow,twenty_newsgroups_reproduction,text,text,pca,200,24533,0.310424,0.2623338020919928,0.3995714285714286,0.6281778034480581,2240000000.0,0.00012381697888486087,0.6426090002059937,0.8861607142857143
text_bow,twenty_newsgroups_reproduction,text,text,pca,400,24533,0.332532,0.3467154278564639,0.4161428571428571,0.7273161596282837,4480000000.0,9.019558638101444e-05,0.4681142568588257,0.8973214285714286
text_bow,twenty_newsgroups_reproduction,text,text,pca,700,24533,0.654736,0.4831236390077274,0.514,0.6467677866996732,7840000000.0,5.534520823857747e-05,0.287241131067276,0.8883928571428571
text_bow,twenty_newsgroups_reproduction,text,text,dct,10,24533,0.053905,-0.11107749206734326,0.019285714285714285,0.21821477825140698,145600000.0,0.00019100416102446616,0.9913098216056824,0.375
text_bow,twenty_newsgroups_reproduction,text,text,dct,25,24533,0.053598,0.0062612239567617425,0.027571428571428566,0.30971904997677185,145600000.0,0.0001903191296150908,0.9877545237541199,0.49776785714285715
text_bow,twenty_newsgroups_reproduction,text,text,dct,50,24533,0.054337,0.13471102937064933,0.12657142857142858,0.3502398373024919,145600000.0,0.00018923352763522416,0.9821202754974365,0.4955357142857143
text_bow,twenty_newsgroups_reproduction,text,text,dct,100,24533,0.055231,0.16276470509234875,0.347,0.3955520781304172,145600000.0,0.0001871556742116809,0.9713362455368042,0.578125
text_bow,twenty_newsgroups_reproduction,text,text,dct,200,24533,0.053777,0.17699826974989183,0.4424285714285714,0.48812956404608354,145600000.0,0.00018300632655154914,0.9498011469841003,0.71875
text_bow,twenty_newsgroups_reproduction,text,text,dct,400,24533,0.054367,0.2508037525889727,0.5735714285714286,0.5770561426580814,145600000.0,0.00017482512339483947,0.9073407649993896,0.7566964285714286
text_bow,twenty_newsgroups_reproduction,text,text,dct,700,24533,0.055259,0.2597969455510324,0.4692857142857143,0.7080992988489667,145600000.0,0.00016281729040201753,0.8450202345848083,0.8080357142857143
